seller_id,seller_zip_code_prefix,seller_city,seller_state,first_name,family_name,status,salary
3442f8959a84dea7ee197c632cb2df15,13023,campinas,SP,Peter,Lopez,top management,68500
d1b65fc7debc3361ea86b5f14c68d2e2,13844,mogi guacu,SP,Eric,Nolan,junior,92636
ce3ad9de960102d0677a81f5d0bb7b2d,20031,rio de janeiro,RJ,Linda,Thomas,junior,64414
c0f3eea2e14555b6faeea3dd58c1b1c3,4195,sao paulo,SP,Joseph,Williams,junior,93151
51a04a8a6bdcb23deccc82b0b80742cf,12914,braganca paulista,SP,Robert,Farmer,senior,82608
c240c4061717ac1806ae6ee72be3533b,20920,rio de janeiro,RJ,Todd,Powell,junior,79297
e49c26c3edfa46d227d5121a6b6e4d37,55325,brejao,PE,Lisa,Gibson,top management,109255
1b938a7ec6ac5061a66a3766e0e75f90,16304,penapolis,SP,Julia,Davis,manager,51424
768a86e36ad6aae3d03ee3c6433d61df,1529,sao paulo,SP,Tina,Franco,manager,51586
ccc4bbb5f32a6ab2b7066a4130f114e3,80310,curitiba,PR,Patricia,Andersen,senior,104340
8cb7c5ddf41f4d506eba76e9a4702a25,75110,anapolis,GO,Deborah,Cowan,top management,127982
a7a9b880c49781da66651ccf4ba9ac38,13530,itirapina,SP,Ryan,Gordon,manager,70671
8bd0f31cf0a614c658f6763bd02dea69,1222,sao paulo,SP,Daniel,Ramirez,junior,83061
05a48cc8859962767935ab9087417fbb,5372,sao paulo,SP,Brooke,Dominguez,top management,122660
7b8e8ec35bad4b0ef7e3963650b0a87b,88705,tubarao,SC,Jonathan,Cabrera,senior,93872
1444c08e64d55fb3c25f0f09c07ffcf2,42738,lauro de freitas,BA,Linda,Lester,senior,96785
166e8f1381e09651983c38b1f6f91c11,88780,imbituba,SC,Larry,Martin,manager,59548
e38db885400cd35c71dfd162f2c1dbcf,70740,brasilia,DF,John,Williams,top management,99775
d2e753bb80b7d4faa77483ed00edc8ca,45810,porto seguro,BA,Gregory,Steele,manager,86759
f9ec7093df3a7b346b7bcf7864069ca3,5138,sao paulo,SP,Alyssa,Evans,senior,106330
4e6015589b781adaa5ce7f1892d06bb1,11440,guaruja,SP,Joshua,Day,top management,66176
4cf490a58259286ada5ba8525ba9e84a,14910,tabatinga,SP,Charles,Hudson,manager,68319
f7496d659ca9fdaf323c0aae84176632,4156,sao paulo,SP,Robert,Walker,top management,71021
2ff97219cb8622eaf3cd89b7d9c09824,13320,salto,SP,Bryan,Vincent,manager,63321
8bd0e3abda539b9479c4b44a691be1ec,98910,tres de maio,RS,Alyssa,Williams,top management,129927
2a1348e9addc1af5aaa619b1a3679d6b,30494,belo horizonte,MG,Ryan,Weeks,top management,78945
2078fe5066350e7d220c0ad3a3bbc6c1,86707,arapongas,PR,Darin,George,manager,60151
116ccb1a1604bc88e4d234a8c23f33de,9850,sao bernardo do campo,SP,Travis,Lara,junior,129355
430315b7bb4b6e4b3c978f9dfa9b0558,4857,sao paulo,SP,James,Harris,junior,51471
406822777a0b9eb5c50e442dd4cd3ec5,18500,tatui,SP,Brian,Rubio,senior,72885
4dbd95a08b31ede5c82d3f861cb1ce1a,80210,curitiba,PR,Mark,Lee,senior,92053
e9e446d01bd10a97a8ffcfc4a3a20cb2,2261,sao paulo,SP,Elizabeth,Lang,junior,113011
d52cbce9845184537284a23c3bc3da0e,88495,garopaba,SC,Michael,Brown,senior,96207
d9a84e1403de8da0c3aa531d6d108ba6,3562,sao paulo,SP,James,Pearson,junior,71263
9c690ceacd5c66731bf443ea810195cb,37650,camanducaia,MG,Jorge,Ashley,senior,108757
1f9ab4708f3056ede07124aad39a2554,17602,tupa,SP,Martin,Mcmahon,top management,96359
1961c3e1272bfeceb05d0b78b5bbfdaf,7241,guarulhos,SP,Joshua,Watts,top management,100134
d3e7d37c0df9aef383f3f2a15b0dddfb,83050,sao jose dos pinhais,PR,Jessica,Francis,junior,50178
ec2e006556300a79a5a91e4876ab3a56,3445,sao paulo,SP,Meghan,Freeman,senior,129426
b2a6d334e2833acea353624840e25a0e,4133,sao paulo,SP,Donald,White,manager,128939
d3674f271c91f824f82d24d92011f669,72233,brasilia,DF,Kathy,Pitts,senior,50705
768de2a4fc06aacecb9a586ccc30746a,70645,brasilia,DF,Brittney,Mason,top management,75644
a81466620e46a6970b22ef40379fdfc9,88730,sao ludgero,SC,Adam,Carrillo,senior,92601
5c030029b5916fed0986310385ec9009,88075,sao jose,SC,Juan,Price,senior,55058
c0f783394e37cd9c9d7f5f81141450fa,13416,piracicaba,SP,Michael,Carter,top management,114760
c353f8fc0ce8344999f17d578eb69a5e,90850,porto alegre,RS,Patricia,Norton,manager,106802
8444e55c1f13cd5c179851e5ca5ebd00,37584,congonhal,MG,Crystal,Joyce,manager,59719
28a26ebce31d5918b181ede016fd693b,31950,belo horizonte,MG,Sharon,Ross,senior,100842
41ab63a91b8b264e8c8780368bf1dd5b,31555,belo horizonte,MG,Maria,Mitchell,senior,87330
8759e7aedd644f487315e5860962f162,9251,santo andre,SP,Hayden,Aguilar,junior,70486
e546117ed9cafbc40239c0c78635c584,4705,sao paulo,SP,Donna,Lara,top management,115803
d71d863e5ef30d94e440c11be17dcd8f,6144,osasco,SP,Ryan,Clark,senior,121725
0c7533c71df861ec58ad7ff999ed0e8d,13270,valinhos,SP,Joseph,Koch,senior,119552
ef990a83bbea832f36ebe81376335aa8,89214,joinville,SC,Sherry,Coleman,top management,88705
41e0fa5761c886a630994a55c12087e7,11446,guaruja,SP,Dale,Pugh,junior,112763
0747d5bb69f0586cc869d8af4c50f93e,28990,saquarema,RJ,Candice,Russo,manager,96473
7d294cf9a6a69dc6a0c3e540fff0e039,88390,barra velha,SC,Christopher,Olsen,top management,118020
c89cf7c468a48af70aada384e722f9e2,25730,petropolis,RJ,Kimberly,Gilmore,junior,74625
b7ba853e9551f4558440881fd3e5c815,95500,santo antonio da patrulha,RS,Stephanie,Cooper,junior,77567
13c2ed7698b3ca92dad49e849219da59,84010,ponta grossa,PR,Brian,Williams,junior,102427
cbbd5ae8f53de5f5097cd8217b529e24,6544,santana de parnaiba,SP,David,Price,top management,70834
02ecc2a19303f05e59ce133fd923fff7,9121,santo andre,SP,Vicki,Moore,junior,63384
c013e57c075a06e5b5c48ee03c525719,13568,sao carlos,SP,Michael,Bonilla,junior,56195
55f7a3319d80f7fdf078b8f03e6725fe,6056,osasco,SP,Raymond,Barker,manager,53244
2d50d6282f8aa2257819a77bfaa0efe0,14940,ibitinga,SP,Felicia,Lambert,manager,87393
b7e1750c1157341d2abd0251e07c186b,5741,sao paulo,SP,Susan,Cunningham,manager,65212
b90e891671cffd9557f33a97dc523645,83010,sao jose dos pinhais,PR,Kayla,Rangel,manager,120864
a416b6a846a11724393025641d4edd5e,3702,sao paulo,SP,Thomas,Evans,top management,52929
7e93a43ef30c4f03f38b393420bc753a,6429,barueri,SP,Patricia,Vaughn,manager,86753
5206cc4bc2297c833e6061c49bf9c43f,6192,osasco,SP,Donald,Riley,senior,128470
f410c8873029fcc3809b9df6d0b28914,95076,caxias do sul,SP,Andrew,Barrett,top management,114478
ef506c96320abeedfb894c34db06f478,3569,sao paulo,SP,Nancy,Lopez,top management,85112
a13aaf2d2886ab9fb30fb9a920160b8f,89207,joinville,SC,Catherine,Caldwell,manager,71886
7299e27ed73d2ad986de7f7c77d919fa,38440,araguari,MG,Christine,Garcia,manager,84237
8a9260f2b0340411d6d2a56bcf4f7378,32180,contagem,MG,Nicholas,Moore,junior,61904
dedcab67899479e4ea5dcc4eba47f587,89258,jaragua do sul,SC,Jeremy,Reilly,junior,63956
b2479f944e1b90cf8a5de1bbfde284d6,14940,ibitinga,SP,Benjamin,Harris,senior,119993
7722b1df1b0e383e000397b2c11e3e19,9715,sao bernardo do campo,SP,Bethany,Leblanc,junior,116251
731ef20c231d9a7103a425e83fd91271,88501,lages - sc,SC,Valerie,Snyder,junior,126313
78813699ffac347fe27dba345a5f1551,95711,bento goncalves,RS,John,Smith,manager,73228
3296662b1331dea51e744505065ae889,15805,catanduva,SP,Tanya,Lowe,senior,113386
411f3b52d857390502ee4e4d5ceabc2d,9400,ribeirao pires,SP,Carl,Cabrera,senior,50712
bba3293d6f5d5af2f415e004e8b93ae3,4726,sao paulo,SP,Susan,Hardy,top management,69046
4e7c18b98d84e05cbae3ff0ff03846c2,14882,jaboticabal,SP,Caleb,Rose,top management,112947
b56906f7fd1696e043f1bcce164c487b,19830,echapora,SP,Dennis,Morales,manager,90855
d650b663c3b5f6fb392b6326366efa9a,6713,cotia,SP,Richard,Wilson,top management,86175
669ae81880e08f269a64487cfb287169,89160,rio do sul,SC,Denise,Fuller,senior,118647
c2d70ce2c5d0a2eb75e78668236e6dc8,4275,sao paulo,SP,Stephanie,Larson,manager,126787
674207551483fec113276b67b0d871ff,18040,sorocaba,SP,Mary,Stevens,senior,55625
abe42c5d03695b4257b5c6cbf4e6784e,21235,rio de janeiro,RJ,Jennifer,Hernandez,manager,103585
1996942dc085d7773ba77a529b163cd0,14850,pradopolis,SP,Mary,Snow,top management,115795
79b93a308a97792cf53ac75f46da00b5,22420,rio de janeiro,RJ,Linda,Briggs,senior,102477
7cf4ea70955b00d6b3c22542598e2715,1125,sao paulo,SP,Ronald,Cunningham,senior,60559
63ffcb71394dd8ea3872ed9ffda17c74,24813,itaborai,RJ,Sheena,Palmer,top management,116128
83353a83fd769dfafa4f21a72b15e3e5,5786,sao paulo,SP,Cynthia,Soto,junior,92135
cda598c48d7c614bc1cad7d8ff6f0010,15137,mirassol,SP,Wayne,Vance,manager,66951
d4910f1cdcfdabd48d6b316e395d4a23,9190,santo andre,SP,Tiffany,Vaughan,manager,66554
709e16e2b25c7474d980076c6bfc4806,16200,birigui,SP,Max,Wu,junior,72494
9dc79dd988ac42f4d56c340d7048420a,3569,sao paulo,SP,Brenda,Benson,junior,84448
276677b5d08786d5dce7c2149dcce48b,31730,belo horizonte,MG,Ashley,Galvan,senior,84820
9c4d31c7e46ab03a43fc06e3142afd4e,20785,rio de janeiro,RJ,Angela,Hardin,junior,68275
512d298ac2a96d1931b6bd30aa21f61d,20060,rio de janeiro,RJ,Jason,Howard,manager,78685
422be4cc81a457fdb46f47edeb968ae5,14940,ibitinga,SP,Theresa,Larson,junior,55341
99cd94252748d2bdde08e17858233602,12401,sao paulo,SP,Melanie,Gordon,top management,94134
698624c6632eeba1774924dbea24c700,1425,sao paulo,SP,Patrick,Miller,senior,116880
8bb48dc19fccaa8613b6229bf7f452a2,19803,assis,SP,Elizabeth,West,top management,64448
ad87df7699e83b8a91822a4a0b765c3a,13820,jaguariuna,SP,Kristin,Arnold,top management,95476
d6b664fa0667064c6d76394e7848d790,14801,araraquara,SP,Edwin,Hanson,junior,107460
98f52e1020fe788c10c0418de4393fec,27963,macae,RJ,Susan,Davis,senior,126514
62760d278921b5f352461620d68a9cee,13320,salto,SP,Christopher,Thompson,top management,54315
eb72802c83dc7547529c9546d1a9b8ef,13504,rio claro,SP,Michelle,West,senior,100678
3f9be91358837bff69df67edfa3e42e8,86039,londrina,PR,Matthew,Crosby,manager,67062
1d4587203296c8f4ad134dc286fa6db0,5101,sao paulo,SP,Jose,Williams,manager,87210
791cfcfe22fe4a771ece27f90017da92,14010,ribeirao preto,SP,Teresa,Osborn,top management,61103
392f7f2c797e4dc077e4311bde2ab8ce,21210,rio de janeiro,RN,Melissa,Grant,top management,111870
0c8380b62e38e8a1e6adbeba7eb9688c,37410,tres coracoes,MG,Timothy,Boone,manager,76184
37be5a7c751166fbc5f8ccba4119e043,4248,sao paulo,SP,Lance,King,junior,76353
87d73636a3acf123e842bb890a4db036,15190,nhandeara,SP,Ricardo,Palmer,senior,53091
3d3ccf2b2f8134b10dce9dd446f0e075,14940,ibitinga,SP,Walter,Martin,top management,95878
e24d3429d294b2eb200b064ebb035879,3514,sao paulo,SP,Jessica,Gonzalez,junior,84674
44073f8b7e41514de3b7815dd0237f4f,71070,brasilia,DF,Jennifer,Myers,junior,63330
05ca864204d09595ae591b93ea9cf93d,6465,barueri,SP,Samantha,Bennett,junior,104942
9d39404483343dd55c7ae254494d8388,1044,sao paulo,SP,Nicole,Williams,top management,88748
f9eda05b67bef472deaddbba84aca289,88870,orleans,SC,Kim,Cooper,senior,84474
75745ef7bc7d4f3ea3380f6f5303f514,70384,brasilia,DF,Caroline,Newton,junior,79854
0692610d8abe24f287e9fae90ea0bbee,2310,sao paulo,SP,Robert,Davidson,manager,70369
7b07b3c7487f0ea825fc6df75abd658b,2016,sao paulo,SP,Edward,Gross,manager,92114
99002261c568a84cce14d43fcffb43ea,78095,cuiaba,MT,Rachael,Buchanan,manager,84502
e5899683388855d3dabe8913bbe365de,13575,sao carlos,SP,Kenneth,Davidson,top management,94512
784ba75dd9d20200c4caed3d7a77141a,1040,sao paulo,SP,Donald,Christensen,junior,123503
099095b050cfe8eb1ddff5317587e96e,3322,sao paulo,SP,Jasmine,Johnson,manager,75823
0ad80de75c811326389cfb1daba7d45e,20261,rio de janeiro,RJ,Brian,Li,top management,56533
b9a03475e6447e631b6799ec8274800f,85830,formosa do oeste,PR,Joshua,West,senior,116995
ba6b4a237f92479743cf0ca06b67a9ac,23550,rio de janeiro,RJ,Todd,Harris,top management,114938
ea00f977a203ff88adf7057cb7806998,11085,santos,SP,Kristie,Powell,manager,63860
82e0a475a88cc9595229d8029273f045,3417,sao paulo,SP,Krystal,Graves,top management,97829
ad75519a07f039025e83795a4418470f,76500,santa terezinha de goias,GO,Courtney,Hart,senior,116339
34aefe746cd81b7f3b23253ea28bef39,81210,curitiba,PR,Christopher,Luna,junior,54220
ed4acab38528488b65a9a9c603ff024a,8260,sao paulo,SP,Dana,Anderson,senior,99372
f0837c8d71434931d9e38e7b79234797,95995,arvorezinha,RS,Dawn,Jones,junior,54798
fce62094ffe6a4009188ec44e681dfdd,4674,sao paulo,SP,Jessica,Howard,senior,98650
ebef8d8c92b4fd3226e5d407bbff21ac,14020,ribeirao preto,SP,Heather,Martin,top management,127788
d73cbd89533ce8b041a9190241453ac8,36525,guiricema,MG,Selena,Collins,top management,123736
75a4764c108403a7a0575140cb22287c,95072,caxias do sul,RS,Alexander,Cooper,manager,52645
70c0fda4c313d87115644d39e62eec60,55004,caruaru,PE,Meghan,Harris,manager,55117
ffcfefa19b08742c5d315f2791395ee5,80045,curitiba,PR,Ronald,Holmes,manager,99174
26e13b6ff5b641b329e5524241ee2c93,14401,franca,SP,Jill,Pena,junior,107513
0ade5cc4a305ed7093a23f68ca47519c,81030,curitiba,PR,Brett,Cobb,manager,127636
fc59392d66ef99377e50356ee4f3b4e1,40243,salvador,BA,Jessica,Ware,manager,89253
b18dc380845b24038cfc48006478f099,9951,diadema,SP,James,Woods,top management,100928
f22a247b79dd22ecd91dc8e3b2a1b07c,8573,itaquaquecetuba,SP,Kevin,Foster,senior,61766
889009a0ed0bb52c87819941192931b8,18682,lencois paulista,SP,Kenneth,Spencer,manager,82448
ffc470761de7d0232558ba5e786e57b7,7091,guarulhos,SP,Monica,Gibson,manager,119276
4c498c7345e89aebad651544829beca0,6341,carapicuiba,SP,Danielle,Perkins,top management,112908
01bcc9d254a0143f0ce9791b960b2a47,76400,uruacu,GO,Cheryl,Montoya,senior,87156
f021c962aaba8ef6eb527a9c2c8394d1,88301,itajai,SC,Rebecca,Watkins,junior,55484
024b564ae893ce8e9bfa02c10a401ece,3280,sao paulo,SP,Adam,Brown,junior,57753
a513150f33f99a06569e9cd5c4bb889b,1545,sao paulo,SP,Benjamin,Wallace,senior,77467
c1dde11f12d05c478f5de2d7319ad3b2,1026,sao paulo,SP,Sylvia,Torres,manager,115584
02f5837340d7eb4f653d676c7256523a,80620,curitiba,PR,Brian,Ryan,top management,54744
7b98de631987e26dd6d803490c43a13c,87900,loanda,PR,Jason,Sharp,top management,98100
f12ff17ad8bbf01ec5c33b17e506649b,3186,sao paulo,SP,Heidi,Howard,senior,71873
a64e44665225d19dfc0277eeeaaccc57,19400,sao paulo,SP,Mike,Waller,manager,111481
6a8a889bde935bafa76d7848782dfaf9,2839,sao paulo,SP,Misty,Young,senior,68065
42b6488f5b8246d9141712abd4b1b693,87014,maringa,PR,Randall,Henderson,top management,58953
d6cd01c59123df02fc226eadbadb5f89,1207,sao paulo,SP,Jamie,Mendez,manager,63227
c8e135e7b21ecbc36c1153a29d2f5a06,1411,sao paulo,SP,Krista,Cole,manager,103452
229c3efbfb0ea2058de4ccdfbc3d784a,30190,belo horizonte,MG,Jeremy,Jones,junior,116699
f9a02f1922d1de564392e656d82b3fda,8502,ferraz de vasconcelos,SP,Abigail,Anderson,top management,109144
9523fb39dd240aa958e040f8183d64f3,1541,sao paulo,SP,Johnathan,Christensen,junior,82854
95ec4458365c4d11f452ccf538377619,13481,limeira,SP,Jill,Williamson,senior,69501
6ec1a01e866584bb679eb9b098345919,11040,santos,SP,Jeffrey,Martinez,top management,60429
f6122bc84774df1b372bdb3bb88ddb9f,6436,barueri,SP,Justin,Cortez,senior,107836
fa40cc5b934574b62717c68f3d678b6d,2310,sao paulo,SP,Cathy,Wolf,junior,68829
623ad9d0c1e14bb5464a8c72bff7b4af,35530,claudio,MG,Michael,Andersen,senior,94729
c0098efcf800861dcae589affca31408,14080,ribeirao preto,SP,James,Hall,senior,52935
a63bfbaa882c8f4542891b4e2246cc7f,24355,niteroi,RJ,Jennifer,Taylor,top management,62529
48b6c3f4c6a93171da04b75313f2130f,17700,osvaldo cruz,SP,Patricia,Velez,manager,105033
270d3ef21830ad0ecf3a6c53d08a533a,6380,carapicuiba,SP,Stephanie,Schwartz,senior,73114
89c127985a8b130cfa45c1d36764017a,6016,osasco,SP,Kristina,Austin,senior,93006
8b2492b7ff4468839593fafeed55bad9,24451,sao goncalo,RJ,Heather,Hernandez,manager,73339
1e9d5a33694bddb76316fd1f54734d20,78820,jaciara,MT,Veronica,Ramirez,manager,102631
5e49e3a44bdeb5aab2684258bbd4f525,88330,balenario camboriu,SC,Dylan,Nguyen,top management,72754
8e34331b7eedd03be4e5d965c1956225,4009,sao paulo,SP,Joshua,Williams,junior,129160
aaed1309374718fdd995ee4c58c9dfcd,89120,timbo,SC,Jessica,Mcneil,junior,94346
11d4c477d09821164bca4f70a2eae031,14075,ribeirao preto,SP,Jordan,Osborne,top management,103131
ff314fa6033cc68ec451c47aee2d6ba4,5424,sao paulo,SP,Leonard,Schroeder,senior,52078
d1c7fa84e48cfa21a0e595167c1c500e,99730,jacutinga,RS,Melissa,Warner,manager,98120
c7246702dc991a06d788120dc7544391,60440,fortaleza,CE,Sarah,Monroe,senior,113964
e819bcfade7b5d88a27325eb6cfd62c5,7242,guarulhos,SP,Melissa,Carr,senior,116662
6d2f2e3b539480db1e0842b3a4e32e6e,7051,guarulhos,SP,Heather,Powell,manager,89713
e88165a185134e13fdfc85d4fa654db8,8517,ferraz de  vasconcelos,SP,James,Hall,junior,100215
9e6229250fedbe05838fef417b74e7fb,16800,mirandopolis,SP,Teresa,Hall,junior,85423
5abb8ea023c77787f2c15da891c8d384,89228,joinville,SC,Donald,Cole,top management,53086
1d953075c2f0dd990bacf27b83b330f1,30421,belo horizonte,MG,Kelly,Salazar,senior,118809
817245bcc3badd82bbd222e0366951a6,17056,bauru,SP,Rebecca,Brown,junior,112459
caa9bc43a9fe8cf9c564ddd8a03cc4a6,12308,jacarei,SP,Brian,Hooper,top management,51895
615005a3ef192c00c6f0e977cee3d2bc,13304,itu,SP,Barbara,Mills,senior,91716
1284de4ae8aa26997e748c851557cf0e,85301,laranjeiras do sul,SP,Benjamin,Johnson,top management,68955
5fd924b4836098a5be0ecf81ba054ce0,3554,sao paulo,SP,Steven,Kelly,manager,122129
7178f9f4dd81dcef02f62acdf8151e01,89560,videira,SC,Cody,Fisher,top management,79743
8132b9bd16876e1b0f8808d43825dd48,88058,florianopolis,SC,Albert,Durham,junior,65879
3f995f07c49d0d55a99d5c54957f7d81,6853,itapecerica da serra,SP,Kathleen,Hebert,top management,93291
a6bd7d1ccdac48c6b33b28596b7eb122,58280,mamanguape,PB,Samuel,Ball,junior,94787
6650fcccd8cd2f7e55ffa524f30c4c59,8490,sao paulo,SP,David,Rollins,senior,103251
3db66a856d18a9cba7c9241fc5221c50,35430,ponte nova,MG,Austin,Matthews,top management,76914
8b181ee5518df84f18f4e1a43fe07923,87360,goioere,SP,Timothy,Bennett,top management,119135
10ff823eda2b032e2c93d17a7d294736,17280,pederneiras,SP,Anthony,Jensen,manager,73571
b4a476fbd28de64b1e347abf9089366a,6653,itapevi,SP,Makayla,Hall,junior,110635
39c763cca83e654764b7a4a650fb9b7c,74563,goiania,GO,Brianna,Malone,junior,95994
dadc51ef321949ec9a3ab25cd902e23d,4821,sao paulo,SP,Melanie,Martinez,senior,70928
83b08de96980757220871b31bf6cffca,21820,rio de janeiro,RJ,Kathryn,Lewis,junior,114203
14a08204d03bb6b6bde8029f801ae0eb,1026,sao paulo,SP,Juan,Wallace,junior,90646
bee36b4f9a2b9fdcaff6ec05df202ed0,3308,sao paulo,SP,Brandon,Valdez,manager,107370
28872dc528e978a639754bc8c2ce5a4c,95070,caxias do sul,RS,Lisa,Fisher,manager,110168
c85d7b477a709c85a1e8b8f25aa1b270,9640,sao bernardo do campo,SP,Earl,Gomez,manager,104222
739c7d7be81f63812dea0d1b1451c651,58400,campina grande,PB,Steven,Hunter,junior,120766
657969cca82e884d272385ec0ef06edd,93608,estancia velha,RS,Veronica,Norman,manager,115750
455befea1bb853c75ccbca94cff26e5c,27525,resende,RJ,Joseph,Walker,senior,91022
800214c63934acd05d47e84214db8ba8,89251,jaragua do sul,SC,James,Goodman,senior,93758
5cf1ec37aea089f45110c70653a166ab,2215,sao paulo,SP,Amy,Johnson,senior,101886
0a82f5fb06a4fe4ac2cf7cb412ec71b8,5524,sao paulo,SP,Madison,Anthony,junior,50736
e45edf75f568ed2f93f78d060e246e25,22790,rio de janeiro,RJ,Sherri,Carlson,senior,112038
3d621842b2ed28e2b474132480edac3c,8041,sao paulo,SP,Brittney,Rice,top management,81303
baf15155e37ef5492731459bdc05be8a,5715,sao paulo,SP,Amy,Cunningham,senior,67998
c0aff2da32c17759d30b22fb0af6649d,88032,florianopolis,SC,Shannon,Anderson,junior,88757
a17f621c590ea0fab3d5d883e1630ec6,18055,sorocaba,SP,Nichole,Johnson,manager,80875
4deebb3199eeafb282ae33229144f94b,2112,sao paulo,SP,Jodi,Crawford,manager,118713
9d69ba0a7a626a64dc5db08e529559cf,14075,ribeirao preto,SP,Nancy,Hunter,senior,83923
f92d8c817434bd2d84d4e9c61322b7fa,18048,sorocaba,SP,Kaylee,Long,top management,51379
8ca5b19e0263150d2c57afdde2b3d011,9336,maua,SP,Zoe,Fields,manager,85977
eec3469d83e142f9a104886655338c37,17030,bauru,SP,Maria,Costa,manager,82806
55bb6fe5bebe5012e2d7d9928e1128ff,17052,bauru,SP,Gregory,Lewis,top management,55328
d180e07dc1e58c31c3f0cd599dc4d945,30620,belo horizonte,MG,Gregory,Mills,junior,62281
d6b1ce66b035a475f00c017792ff9769,13327,salto,SP,Edward,Byrd,senior,118317
3aa3c89ae3cd482385568be76120f63c,74343,goiania,GO,Judith,Bradley,top management,85372
fe4cd9461203cee790d36792420b310f,35300,caratinga,MG,Austin,Prince,junior,61559
c3aad7dc65449ae90a5e9c3c6c1e78e0,15350,auriflama/sp,SP,Gary,Wright,manager,118530
f5fea3ffed6c2e889bab72705557c63a,21240,rio de janeiro,RJ,Bailey,Hanson,senior,120386
ececbfcff9804a2d6b40f589df8eef2b,14407,franca,SP,Brandon,Orozco,junior,93715
a254c682cc01e119f83530446f1df9a9,16500,cafelandia,SP,Stephanie,Brewer,senior,54594
830379336fad8c6f3b15a4a3ddb5c66e,2518,sao paulo,SP,Juan,Price,manager,115580
7d13fca15225358621be4086e1eb0964,14050,ribeirao preto,SP,Mark,Garcia,senior,74901
1b4c3a6f53068f0b6944d2d005c9fc89,88730,sao ludgero,SC,Lisa,Vega,junior,119171
b92e3c8f9738272ff7c59e111e108d7c,36502,uba,MG,Kristen,Butler,junior,89020
b8555308bfdb4ca1ed54325a58da9a97,9751,sao bernardo do campo,SP,Kevin,Galloway,top management,67759
71593c7413973a1e160057b80d4958f6,3407,sao paulo / sao paulo,SP,Benjamin,Warren,top management,85284
1dc2de47ee26a0a5b12dc14fd6dc0dea,14940,ibitinga,SP,Russell,Wells,senior,65876
6c6e3d67f969468f3bfd33f827a31222,87035,maringa,PR,Amanda,Ferguson,senior,113247
66d5ae34537110d3affc56174dad2b2f,15062,sao jose do rio preto,SP,Taylor,Murillo,top management,64767
781a66c0d89e30814d49fe8b5e14cd07,13064,campinas,SP,Joseph,Williams,senior,70946
a4bd6e9adf39b63f43dc545d3ca1f53d,21020,rio de janeiro,RJ,Christopher,Mitchell,senior,64999
f88adb15807168d3c43d71021090ce4a,13660,porto ferreira,SP,Tina,Wallace,top management,108103
fa8d335d68129e464e60c1826a683e96,95660,tres coroas,RS,Brittany,Anderson,junior,52799
f12d3c2a14729ae461b920c11fe20fdc,9080,santo andre,SP,Raymond,Hughes,senior,120965
4917cee8d902e13428c3ec4b1ca6f315,89031,blumenau,SC,Crystal,Morton,senior,58387
741f8c587cb4248ebc5b779a0e8e0e51,9110,santo andre,SP,Heather,Vasquez,top management,80417
4bcec44888b30ba9001234c534716d3f,9230,santo andre,SP,Courtney,Adams,manager,52811
a663d9c3797e90eac99ff60939416a56,3951,sao paulo,SP,Connie,Manning,senior,51769
dff87e4de60c9736ce8df835951b09bc,3172,sao paulo,SP,Stacie,Bailey,junior,64770
ac1ed5fc15901fbc92920361eb4ab350,3334,sao paulo,SP,Kelly,Cummings,junior,118041
f9903dd0f812c7e771fcad47b6fff231,89070,blumenau,SC,James,Barnes,manager,75130
ac9b01377919cdbd2a1bbb8d5837c70b,8773,mogi das cruzes,SP,Linda,Wade,manager,91951
5011f0d93373a4c5753adf58ca77af8d,11013,santos,SP,Megan,Patterson,top management,69535
a4e634166243bbb3a13fa584463fa468,6286,osasco,SP,Angela,Love,junior,99507
50bf89f1349bc0409a268c3a49678009,15155,jaci,SP,Howard,Tucker,top management,103893
50c9975695009e5e6473912e83a6d1da,35530,claudio,MG,Andrew,Fox,manager,90648
42d4b7e70819438f5ada61c965e92d7e,74045,goiania,GO,Mark,Perry,senior,111228
7aa4334be125fcdd2ba64b3180029f14,18500,laranjal paulista,SP,Kathy,Hernandez,junior,121921
b14db04aa7881970e83ffa9426897925,18048,sorocaba,SP,Emma,Dunn,manager,109922
fac1a9017ade7bdc94058fc1c969f355,1126,sao paulo,SP,Timothy,Lowe,top management,84415
31ae0774c17fabd06ff707cc5bde005f,13478,americana,SP,Kimberly,Mayo,manager,73887
f0ec6a2adb05c62655a26dd347b8dede,1303,sao paulo,SP,Caroline,Moody,junior,105018
cc1f04647be106ba74e62b21f358af25,2739,sao paulo,SP,Audrey,James,senior,81118
1099a00e0ee3a50935e6c2447ca090c5,20921,rio de janeiro,RJ,Dustin,Patterson,junior,112014
3d700782d7818f2c1e0d7a9e9d75fc00,86170,sertanopolis,SP,Shane,Adkins,junior,101565
a3e9a2c700480d9bb01fba070ba80a0e,14940,ibitinga,SP,Jordan,Robertson,senior,54818
c3f5668699a1b04c0fa61ecea1e2bff6,86808,apucarana,PR,Laura,Brown,top management,129529
80f2cf9abf6b5a0e5c612b5eea6646e6,15046,sao jose do rio preto,SP,Jason,Evans,top management,121475
516e7738bd8f735ac19a010ee5450d8d,22230,rio de janeiro,RJ,Alicia,Larsen,senior,61288
4fe2f67634d00c021aa01f96b6f2d68e,87035,maringa,PR,Trevor,Joseph,manager,94947
9f505651f4a6abe901a56cdc21508025,4102,sao paulo,SP,Mary,Goodwin,junior,100490
17adeba047385fb0c67d8e90b4296d21,7052,guarulhos,SP,Bradley,Higgins,junior,67727
7142540dd4c91e2237acb7e911c4eba2,16301,penapolis,SP,Marcus,Smith,top management,69890
c04d70d515d15a7e3db3a73320598566,24020,niteroi,RJ,John,Wong,junior,109324
a3a38f4affed601eb87a97788c949667,89204,joinville,SC,Derrick,Anderson,junior,116762
744dac408745240a2c2528fb1b6028f3,83408,colombo,PR,Paige,Jacobs,junior,94627
9b013e03b2ab786505a1d3b5c0756754,11450,vicente de carvalho,SP,Jeffrey,Valentine,junior,76947
8b9d6eec4a7eb7d0f9d579ce0b38324d,26562,mesquita,RJ,Whitney,Ross,senior,100374
38e679b9e0064cd94c6f035707344dae,86010,londrina,PR,Heather,Coffey,senior,74919
5444b12c82f21c923f2639ebc722c1ea,2051,sao pauo,SP,Mary,Thompson,senior,90135
83deb69e889cf80f82be1dc6d5f2d486,88056,florianopolis,SC,Debra,Todd,junior,57367
54aa8463e87776b5612f4bdc4bd5d4de,30550,belo horizonte,MG,Amanda,Valdez,top management,85660
2e7ea2aafec5835e781b21d6d1faf1f1,2820,sao paulo,SP,Daniel,Larson,junior,122268
79ebd9a61bac3eaf882805ed4ecfa12a,85802,cascavel,PR,Wesley,Gray,senior,60207
1cbd50a8c52e6cf8e315c5709fab386f,83830,fazenda rio grande,PR,Tracy,Alexander,manager,82074
e503f22be6a4f456d9851920a5d9c670,4508,sao paulo,SP,Dana,Love,manager,92124
88af55b4a7ca402b27df16f7c7c9b5d2,6775,taboao da serra,SP,Caitlin,Sanchez,senior,72718
5f3ae9136c875522250f8184f253413a,1550,sao paulo,SP,Marissa,Garcia,junior,112362
b026643914f651e8371425e5b8a1e780,22783,rio de janeiro,RJ,Dylan,Dominguez,manager,108580
26af45f5dfd967225a832838aa4e24a3,81070,curitiba,PR,David,Ramos,manager,120644
9dd459b29a14bf89d47183cf2cd0e4c7,4716,sao paulo,SP,Jim,Madden,top management,122732
8e6d7754bc7e0f22c96d255ebda59eba,12233,sao jose dos campos,SP,Lisa,Tucker,top management,107759
e250d617a0ad591ba9bd663e584a895d,7084,guarulhos,SP,Beth,Brown,senior,92479
92c8bc6e8f925792247656fed09aad65,3384,sao paulo,SP,Melissa,Andrews,junior,117645
e53d5b9b29d1218281f4a907ada18626,85903,toledo,PR,James,Mccarty,manager,125576
3ca08eeb8d5595949fed424bd3677742,82510,curitiba,PR,Kimberly,Oconnell,junior,53945
cbd996ad3c1b7dc71fd0e5f5df9087e2,15081,sao jose do rio preto,SP,April,Woodward,senior,64769
8daab2245ebdc277c51098d01c5ad8ef,8411,sao paulo,SP,Pedro,Hill,top management,102250
15b3b1b81484422eb41df68ac87f1f50,17047,bauru,SP,Jill,Gilbert,manager,114621
e067ad2c1c0b48758eb1b5228bcf7a68,11045,santos,SP,David,Hernandez,manager,100100
f626e15b7314c267e4429010866f70e9,85960,marechal candido rondon,SP,Karen,Andrews,manager,88898
f1fd5ab1181f827ffad998c1a5de7d74,80010,curitiba,PR,Maria,Stewart,top management,53134
a7c88262832dfc683781d6a421edefae,8710,mogi das cruzes,SP,Valerie,Perkins,senior,73899
6b1c4d4d9ccf0be3d8544eb0e71e5318,91130,porto alegre,RS,James,Garner,junior,55373
4e85b538b0dad58852641540686d0e14,12238,sao jose dos campos,SP,Michael,Adams,senior,81771
093805f8f2aeb63881444571e1f48f30,6236,osasco,SP,Lauren,Davis,manager,51202
5acd070dd3fe441bbb2ec1f1ede515ee,13203,jundiai,SP,Alex,Miller,senior,71382
3c010235b7345c92f125d14ee232a76b,83800,mandirituba,PR,Eric,Drake,junior,86683
cb9fb4ca75d7ba8437480e8dde64fe98,3551,sao paulo,SP,Karen,Roberts,senior,70698
ce33c6211beaa8fef4cae8b52db39862,8655,suzano,SP,Douglas,Vargas,senior,68837
081acf3de680d554796c9cf041be7bc2,33200,vespasiano,MG,Lindsey,Sanchez,top management,82851
6989574bd97d9773f10d232b6c07da59,80040,curitiba,PR,Kevin,Cabrera,manager,112185
535bf14f36346c7f59d87cece104d70c,20735,rio de janeiro,RJ,Andrew,Moreno,manager,53114
8501d82f68d23148b6d78bb7c4a42037,89031,blumenau,SC,Travis,Wagner,junior,101288
7f02656561b680def9986c0795a8a080,1417,sao paulo,SP,Melissa,Benitez,manager,69617
57a834594e1e9e9219603bfec184eadc,98780,santa rosa,RS,Tiffany,Carpenter,manager,121911
8fd3b4468f6425810648177996c14cbd,15015,sao jose do rio preto,SP,Anthony,Miller,senior,90501
6d803cb79cc31c41c4c789a75933b3c7,14600,sao joaquim da barra,SP,Daniel,Jacobs,manager,126144
5f2684dab12e59f83bef73ae57724e45,5125,sao paulo,SP,Thomas,Glenn,top management,110553
713e3a23ca5e47786eb6f0d99f94cfac,81050,curitiba,PR,Christopher,Morrison,senior,121739
f97e2b0650c2068227e1d366140eb62f,13830,santo antonio de posse,SP,Kimberly,West,senior,129040
8b321bb669392f5163d04c59e235e066,1212,sao paulo,SP,Perry,Valdez,junior,50481
32f83ffe11cd40f7adcf4eef171f52d9,97502,uruguaiana,RS,Michael,Peters,manager,65717
76d64c4aca3a7baf218bf93ef7fa768d,80215,curitiba,PR,Samantha,Miller,top management,87096
d06d019f72a04e5497a0b64190af170c,6703,cotia,SP,Paula,Pitts,senior,87607
ec80e49e69745ab6c14f984bf2149423,13480,limeira,SP,Vernon,Davis,top management,89970
f8f35af4634605e6693c17cc3ffff5a8,37400,campanha,MG,Gregory,Howard,manager,71421
004c9cd9d87a3c30c522c48c4fc07416,14940,ibitinga,SP,Charles,Mendoza,top management,78033
3bdff180c7e1f6551a643b99c265a120,4811,sao paulo,SP,William,Elliott,manager,73809
6b89abe95848c850399130d149a39b63,75640,piracanjuba,GO,Dawn,Owens,junior,50381
aced59e9b31ef866a94f9e7f29d8d418,3306,sao paulo,SP,Patricia,Vasquez,senior,63680
b4f8921fcc4ff77b66bea6dda43dcd51,95034,caxias do sul,RS,James,Coffey,junior,88567
d2572f31e9023e9850ef986a636ff9bf,30640,belo horizonte,MG,Kristina,Patterson,senior,74977
c731d18cea9bf687ffee82a241c25b11,89701,concordia,SC,Thomas,Espinoza,junior,129217
3dc69bf2c42f0568a5c4791ec3fd3745,2880,sao paulo,SP,Timothy,Manning,manager,112825
d8d9567d0bfb0bc7eb845a205ba42657,3688,sao paulo,SP,Elizabeth,Thornton,junior,78305
0daf5180aa44356f60f8effa533b55a2,74043,goiania,GO,David,Hopkins,top management,115799
5194c22ed1f616ec0c0f33c571542879,37540,santa rita do sapucai,MG,Michelle,Raymond,junior,66200
fe8055980a4ff7f64ed889c2b5926929,81925,curitiba,PR,Martin,Walton,manager,83347
c42fd8e4d47dfb18ce5222f2dd7752f9,6246,osasco,SP,Lauren,Myers,senior,56972
671585f5a2af58b6e276bc01003c0d2b,80510,curitiba,PR,Kari,Cruz,manager,70615
2dd1fb6f0e42a2243b8a01e40cd41216,80240,curitiba,PR,Timothy,Gardner,top management,56218
a7c53f6b3b61adbdaa99dda97e8cbd56,14780,barretos,SP,Donald,Lee,junior,114264
a11a0e0ca67423425691db355cff69b0,13330,indaiatuba,SP,Yolanda,Hutchinson,top management,51146
5bffbafbb22daf6d3bfc216a46db8708,26525,nilopolis,RJ,Krystal,Holt,top management,106166
fc0b214b59a83615fea981c6424a02ae,9380,maua,SP,Christopher,Mcconnell,top management,88422
011b0eaba87386a2ae96a7d32bb531d1,17580,pompeia,SP,Angel,Hardy,top management,123975
43753b27d77860f1654aa72e251a7878,44895,barro alto,BA,Victoria,Smith,junior,109559
822b63912576852aea9a8436d72317b7,13840,mogi guacu,SP,Stephen,Kim,top management,123240
a3fa18b3f688ec0fca3eb8bfcbd2d5b3,4557,são paulo,SP,Joan,Crawford,top management,77675
5587130f9850696ed7fafbc91c2cee44,4311,sao paulo,SP,Robert,Orozco,senior,95412
9c1c0c36cd23c20897e473901a8fb149,11702,praia grande,SP,Betty,Fitzgerald,senior,66734
34a557286ead8fe75c989e0afcf7d98c,14406,franca,SP,David,Cisneros,junior,57781
c716e0b86ed568878475b60fbb6323ad,22783,rio de janeiro,SP,Alan,Watts,senior,57547
455c5640e8c5bd1b2ee85c0158f85727,89128,luiz alves,SC,Kristen,Hatfield,senior,84271
87d30a6a0cbf89356e49324971ab1d24,2036,sao paulo,SP,Ruth,Bush,junior,125989
217f005bb37ff3aeef5b2ae1788e75ba,6038,osasco,SP,Suzanne,Nielsen,senior,71661
cac4e0bc1a3269fa2b6ea5e763f6115b,88351,brusque,SC,Lynn,Edwards,senior,107106
8ec76bb0965af3f007692b26fa9d6623,88804,criciuma,SC,William,Vasquez,junior,58976
aba1721a889e04decc910aa13b768ef4,5729,sao paulo,SP,Donald,Peterson,senior,124874
7238f877570096ae403c51898fa64566,6519,santana de parnaiba,SP,Phyllis,Livingston,manager,98382
044668ccd5316b12a7cf0d54a156e3e9,6016,osasco,SP,Daniel,Moreno,junior,64783
643c01d7c56a724bec0454f4780e8a3e,89222,joinville,SC,Jason,Sullivan,senior,123942
cab85505710c7cb9b720bceb52b01cee,2252,sao paulo,SP,Nicole,Howard,junior,83909
312ba1d77e9c332ef21f9598b7f64cd7,7179,guarulhos,SP,Mary,Clements,manager,65844
8c3b533c63cca56240f94f1e3a6b18ef,31050,belo horizonte,MG,Shawna,Mayer,senior,119803
1fdc574883ef3b33ad41562d93f3a74a,13480,limeira,SP,Scott,Sosa,senior,89011
9a03a4e9eb0b947652fae4f6121a3f5e,15805,catanduva,SP,George,Hall,junior,59319
33cbda8716511e27e556dff9d8418bf2,89052,blumenau,SC,Robin,Stevens,manager,71265
6cd68b3ed6d59aaa9fece558ad360c0a,31255,belo horizonte,MG,Cassidy,Rodriguez,manager,86179
3df020b72d3d44b3af9d110fa3940b65,15704,jales,SP,Samuel,Phillips,senior,81821
537eb890efff034a88679788b647c564,20270,rio de janeiro,RJ,Steven,Stephenson,junior,87096
89de2d6f23e9746ff309705b23581faa,86060,londrina,PR,Scott,Young,top management,64812
c611f4ce9ce875bcc063fa97fd4d7d12,12944,atibaia,SP,Kendra,Jones,manager,50428
4be2e7f96b4fd749d52dff41f80e39dd,69900,rio branco,AC,Jack,Blake,top management,94099
3bfba5a77604f6dfae7e6dd7aaf65821,86046,londrina,PR,Susan,Swanson,senior,67478
48fb026ed7455a42f5d3e9390ed5088e,27321,barra mansa,RJ,Eric,Hanson,senior,106970
0d33a55da925bbf1ff02af5f6059fc7f,5632,sao paulo,SP,Roger,Turner,top management,126148
cea729054f157f5870bdd321a958d994,3161,sao paulo,SP,Teresa,Shaw,manager,124418
955fee9216a65b617aa5c0531780ce60,4782,sao paulo,SP,Daniel,Stevens,senior,128666
0f0c984a4a955310903b6b6008660bad,14403,franca,SP,Jonathan,Williams,manager,119851
f805b96fa705ba7995a221f1749dc141,87013,maringa,PR,Nathan,Horton,junior,85876
751bdc4d83a466c7206cd42e8f426b03,9405,ribeirao pires,SP,Amber,Holmes,junior,93346
2f4b0d3b9634b647d4edee577d7ebb7e,2310,sao paulo,SP,Gregory,Anderson,manager,73218
ba5daa4041e1f15cdf34b76e3e18a450,4363,sao paulo,SP,Daniel,Jones,senior,116585
6e386f64c84e482f0b9abf960797ee1b,1539,sao paulo,SP,David,Willis,manager,67184
83c465a786b06574376909b35ef6752a,13560,sao carlos,SP,Renee,Young,top management,54165
d93b8458c6fe139d85cfa5eadbf55bd2,2238,sao paulo,SP,Marissa,Murray,top management,92078
71592660bbcb6a4664e97b6f8b68babc,15055,sao jose do rio preto,SP,Samuel,Hudson,junior,114723
6a53b90c3ad9e0b56d9fe5c69165fff5,82220,curitiba,PR,Theresa,Woods,senior,125930
38f276ca6e7cc95a6d1bb55ac9e5550f,17520,marilia,SP,Charles,Powell,top management,74825
eae9af4811c294c56795d70e715b7337,3060,sao paulo,SP,Robert,Wiggins,junior,85995
039b29ff3b3473435d0cd59040575de9,9443,ribeirao pires,SP,Cory,Evans,top management,100597
ac51cac5e20d69ff485a54746488ef48,14096,ribeirao preto,SP,Diane,Gibson,manager,83212
4221a7df464f1fe2955934e30ff3a5a1,48602,bahia,BA,Philip,Lewis,manager,82394
48e954b2da4f6a750c844173b347ed40,91740,porto alegre,RS,Kristen,Becker,manager,116294
fc4751cfe3b279c419615b9b00c1abb4,86047,londrina,PR,Michael,Walker,senior,111538
e1a210d482714ce337763a19aef94ba4,85807,cascavel,PR,Steven,Stafford,top management,67055
085f6f7e049c996695fb2074fe38d45e,12020,taubate,SP,Crystal,Perkins,manager,73237
34675b28b826facfde119785bf287dc1,85802,cascavael,PR,Robert,Villarreal,junior,71934
7d7866a99a8656a42c7ff6352a433410,1320,sao paulo,SP,Morgan,Dunn,senior,128938
5a93f3ab0ef4c84ed5e1b5dbf23978bc,12250,monteiro lobato,SP,Tara,Kennedy,top management,109739
64cc804291f90c81f02bfc2bb58ff55a,81250,curitiba,PR,Christina,Morgan,junior,109460
5f57db27027655e6c6a391601daa0258,29138,viana,ES,Juan,Randall,senior,129144
e1b12447a7563944843191754aeb5562,7145,guarulhos,SP,Joseph,Hayes,senior,96368
2f3d8b4c9e2ee165075331fea3f3095a,88107,sao jose,SC,Anthony,Pena,top management,56631
1fe5540d7c1c37a595fefbacd5570d9e,25850,paraiba do sul,RJ,Suzanne,Gallegos,manager,65014
d3f39f05462b79a4562d35893a28f159,13730,mococa,SP,Kristen,Jackson,senior,80007
528ce32f560edd11add4169f6a5b65be,18130,sao roque,SP,Kathryn,Fox,senior,121258
b86a47b3366e3b5424a7b225781f4908,37900,passos,MG,Jonathan,Johnson,top management,126248
0176f73cc1195f367f7b32db1e5b3aa8,14940,ibitinga,SP,Kimberly,Ortiz,junior,129528
01cf7e3d21494c41fb86034f2e714fa1,85603,francisco beltrao,PR,Tyler,Hopkins,manager,92572
ceaec5548eefc6e23e6607c5435102e7,3821,sao paulo,SP,Breanna,Hess,manager,75707
c8771b1a10bb99bb34d3c459c5cffb53,36512,tocantins,SP,Jonathan,Shaw,manager,58831
2d42ebcda99fd55f6f4bc2f1ca035d50,76400,uruacu,GO,Lori,Santiago,junior,124600
e9bc59e7b60fc3063eb2290deda4cced,87083,maringa,PR,Brandon,Hutchinson,top management,66523
13d95f0f6f73943d4ceffad0fc2cd32c,74473,goiania,GO,Larry,Harris,junior,122212
6f229cc508fc6915ed5c499efd93baa4,21931,rio de janeiro,RJ,Carl,Anderson,junior,70364
83f2b4881141ce3fcd4e985125d3279e,14055,ribeirao preto,SP,Geoffrey,Cox,top management,97634
c8c1bea22194a4eefa2dc9a9fa89f536,88210,porto belo,SC,Emily,Conrad,senior,78450
b0b346d3a89f5eb4c2968af3f083cd43,13105,campinas,SP,Dylan,Ellis,junior,107792
a0415d9b25ede3c4b1e477e9916ffc03,26255,nova iguacu,RJ,Jennifer,Miller,senior,71099
3dfd3dc96f7f8598eca74e9ac8a2fa31,3343,sao paulo,SP,William,Brown,manager,81338
e5545d4d4473876ea78c5bcebca365c3,17512,marilia,SP,Karen,Page,senior,120388
fa1a9dec3a9940c072684a46728bf1fc,88820,icara,SC,Jennifer,Anderson,manager,100410
6ddc28b61be28373b4503a1f61cf98a9,3543,sao paulo,SP,Sheri,Mitchell,senior,95082
c5ebe6598748b0aeaa61cfb820478b92,95910,lajeado,RS,Kelly,Shah,manager,75986
5670f4db5b62c43d542e1b2d56b0cf7c,3694,sao paulo,SP,Jonathan,Nguyen,manager,91870
e1c76f339ebd5460999f25a2aa8c92c5,3029,sao paulo,SP,Yvonne,White,manager,122841
cb8bcce248bb1fb274ba762d8b971456,37540,santa rita do sapucai,MG,Tommy,Brooks,top management,109355
6524b847b982cd56bb5d4b02b776ee42,13042,campinas,SP,Jessica,Cox,manager,121332
610f72e407cdd7caaa2f8167b0163fd8,1201,sao paulo,SP,Christopher,Alvarez,top management,117887
b6d44737c043328708f6749c2dbe50bd,9230,santo andre,SP,Nicole,Li,junior,126369
972d0f9cf61b499a4812cf0bfa3ad3c4,88359,brusque,SC,Amber,Hawkins,senior,103141
8c91bfea4263b8fba54081460693e2a1,98920,horizontina,RS,Charles,Mosley,top management,61423
38af8acfd46ac4a7bf754e8ca6736664,4364,sao paulo,SP,Lisa,Holmes,senior,67655
d90fe2229fee1a5da999ccd0c06c1667,3416,sao paulo,SP,Jason,Lamb,manager,93660
75fdd0a732287f9497b179f6bd445d32,9350,maua,SP,Robert,Thomas,junior,73426
5b2e94f2c22b39ccc24d34ad0f669672,1214,sao paulo,SP,Blake,Brown,senior,69279
9ac75591b69c3402684b6ce0310f22ee,2880,sao paulo,SP,Luke,Smith,senior,80003
e5bd51692380fd8cabb19b756b95e714,9220,santo andre,SP,Steven,Brown,top management,63711
cfb1a033743668a192316f3c6d1d2671,18110,votorantim,SP,Alexis,Dixon,top management,90695
adcf50477d6a1f5d91bb9d54c4903cb5,35530,claudio,MG,Marissa,Flowers,top management,70902
8476243f92442881ddd5b578975cf115,93700,campo bom,RS,Lori,Simpson,senior,80542
f2336e113377dd21c744d9c4fc8293a9,3659,sao paulo,SP,Crystal,Wilson,top management,119565
f25e239052084705e17a982bc600ab2a,1123,sao paulo,SP,Larry,Joseph,junior,129381
714b9a1332840f257b49f476bea4e341,15910,monte alto,SP,Alison,Wang,senior,81517
89d9a386b0b6e5fc8403071b03f7206a,3103,sao paulo,SP,Jeanne,Brown,top management,81778
bd15ee794d5e640d9dd71b665b2ab15b,14078,ribeirao preto,SP,Lisa,Anderson,top management,105339
f326006815956455b2859abd58fe7e39,15601,fernandopolis,SP,Edward,Harper,manager,125236
bac692d6c0ed08467878018e6cc9c26c,89041,blumenau,SC,Brandon,Ward,junior,83945
6a51fc556dab5f766ced6fbc860bc613,17500,marilia,SP,Joseph,Howell,top management,120930
a90a5da8b09e44264a177c0374a5ac87,84010,ponta grossa,PR,John,Nelson,manager,99690
ea6b12bf9ffe2bac34602ec631d97a47,7093,guarulhos,SP,Vicki,Watson,senior,97763
dc64d75cc406bb0697be983831430e60,31560,belo horizonte,MG,Julie,Jones,top management,92922
fa7ad8ae9bcb2c4493fdf38e96b1d74f,13920,pedreira,SP,Charlene,Scott,junior,89886
d1ef48b38baca7e831711c4a0aeb398f,86800,apucarana,PR,Cassandra,Anderson,top management,129641
67e43d802fde8cfd3f9580124f8167d1,7062,guarulhos,SP,Daniel,Moore,junior,104354
f18112da765e0971ca5d510dec322bdd,88351,brusque,SC,David,Moore,junior,80460
259f7b5e6e482c230e5bfaa670b6bb8f,8550,poa,SP,Joseph,Harris,senior,78051
dd7ddc04e1b6c2c614352b383efe2d36,3471,sao paulo,SP,Kimberly,King,manager,64630
f457c46070d02cadd8a68551231220dd,87047,maringa,PR,Brittney,Powers,top management,54501
5962468f885ea01a1b6a97a218797b0a,82040,curitiba,PR,Patricia,Brown,top management,102126
1f50f920176fa81dab994f9023523100,15025,sao jose do rio preto,SP,Cassandra,Price,manager,99419
2b1a40c1daabc6ca280c4b815c101841,35500,divinopolis,MG,Lauren,Harris,top management,79919
26b482dccfa29bd2e40703ba45523702,13450,santa barbara d´oeste,SP,Amy,Odonnell,senior,53983
f356c348fbc8df6a882823e21f5ce8b7,92025,canoas,RS,Michaela,Harris,manager,129295
2ba91c7ad80ff88b23b7db823b43c233,13310,itu,SP,Carolyn,Ball,senior,60628
3d0cd21d41671c46f82cd11176bf7277,89217,joinville,SC,Michael,Flores,senior,76941
d93919c944be9cff128f6c9cb899eacb,13375,mombuca,SP,Matthew,Freeman,top management,65020
f7ba60f8c3f99e7ee4042fdef03b70c4,9628,sao bernardo do campo,SP,Jennifer,Kramer,top management,115473
0ee4fb99ac55ffbbc98795aa01b7f8fa,6539,santana de parnaiba,SP,Leah,Mora,senior,107332
c5f7e746b7e6d07def6c0dae9903279b,81350,curitiba,PR,Tina,Reilly,senior,53021
2d20f1cd18725c91147da0791d498022,86040,londrina,PR,Lisa,Wong,top management,69605
002100f778ceb8431b7a1020ff7ab48f,14405,franca,SP,Melanie,Flynn,senior,129789
70f84699be677ec988d1fa824aef7d90,35700,sete lagoas,MG,Linda,Jacobs,top management,60841
5bc24d989e71e93c33e50a7782431b0e,37165,campo do meio,MG,Tyler,Alvarez,junior,69987
36f98ad67cc981f50ce8aed093d5783c,85904,toledo,PR,Derek,Moon,senior,59350
70ee69419916dc13e3aed619061f996c,8780,mogi das cruzes,SP,George,Andrade,senior,71020
6eb94e1466490d327a09abf8f3552a50,13219,jundiai,SP,Joel,Rivera,junior,118586
8ff1a9df749e454105c55cda13e79143,17509,marilia,SP,Hannah,Farrell,senior,89188
c4fabeea6e569d42d02993bb1f4f1cbc,60741,fortaleza,CE,Megan,Lewis,junior,112455
5236605f4d4b0b3e4df85b850393fca0,3311,sao paulo,SP,Jennifer,Thompson,senior,70654
45c20d94d9171b0bcfab3c955e47d67b,13490,cordeiropolis,SP,Wendy,Taylor,manager,91001
5bc237df65098fe211bb4818f4d26d78,38410,uberlandia,MG,Kimberly,Gomez,manager,107923
6a38087bc8ad4f89ff453561005f6dea,75123,anapolis,GO,Gregory,Mosley,junior,57484
4e5725ba188db8252977a4f0227bd462,14092,ribeirao preto,SP,Daniel,Clay,senior,114591
e4f121bf6ef8b9a1d4d3e65dd0473fab,15085,sao jose do rio preto,SP,Xavier,Yoder,top management,81347
eebb3372362aa9a46975164bed19a7e7,4578,sao paulo,SP,Heather,Kim,senior,64705
2ec6e37d992a95eaddb3369dcbcc76d9,91310,porto alegre,RS,Eric,Lamb,manager,110582
f84a00e60c73a49e7e851c9bdca3a5bb,20756,rio de janeiro,RJ,Jorge,Manning,manager,114178
e5a38146df062edaf55c38afa99e42dc,1233,sao paulo,SP,Daniel,Hawkins,senior,119570
80cfd480be3eb6d6267139f5cb793555,8223,sao paulo,SP,Sandra,Harmon,senior,68499
62c50c1af4dfdc4149d25c5222043d39,4782,sao paulo,SP,Lisa,Greene,top management,117100
4de6e4ba574aa9dfdc824bc44dc47fdd,83402,colombo,PR,Christopher,Irwin,junior,64518
6548c2550b6e2d8f18053216e1c7b6f3,9920,diadema,SP,Michael,Garcia,manager,62124
f45122a9ab94eb4f3f8953578bc0c560,13419,piracicaba,SP,Priscilla,Brown,top management,123158
7901646fdd36a55f564ffaf2dbccaaf7,20021,rio de janeiro,RJ,Jennifer,Lewis,junior,102592
6481e96574816ead57975da2c0f6d80d,18072,sorocaba,SP,James,Mendoza,junior,55835
e8dba4d70f7f2b20e775d09cae01142d,13456,santa barbara d oeste,SP,Tammy,Mason,senior,127091
13e85aac53340018b40c2af68001b7e0,13920,pedreira,SP,Jerry,Allen,junior,100392
b6dc74ed30f124f95227bed4e43a3bed,86702,arapongas,PR,William,Hunter,top management,101074
48436dade18ac8b2bce089ec2a041202,27277,volta redonda,SP,Diane,Davis,top management,104724
f5f2ab9bdb6b30c14c61be68c5ed37da,13660,porto ferreira,SP,Shannon,Smith,senior,89178
8ed8ea9a57c862f2c18c2fe41f601d56,89030,blumenau,SC,Ryan,Walsh,senior,122905
c76d418370990614e89e956c7a7567d9,6787,taboao da serra,SP,Stephanie,Jones,manager,104022
ceb7b4fb9401cd378de7886317ad1b47,22790,04482255,RJ,Valerie,Diaz,manager,72782
ea846a0e7ad98a741783e886d89dfa44,16072,aracatuba,SP,Keith,Williams,manager,53704
2c54051840f19eca309a5423cf22df36,81830,curitiba,PR,Chad,Ramirez,senior,95450
ee27a8f15b1dded4d213a468ba4eb391,74210,goiania,GO,Anthony,Gordon,senior,57480
69b5eaa096c3f9d1e5c398c597f567d6,16200,birigui,SP,Tiffany,Wolfe,senior,90094
5b92bfa4120daa27c574daa2e386c693,18070,sorocaba,SP,Steven,Patrick,top management,62191
1554a68530182680ad5c8b042c3ab563,37580,monte siao,MG,Jose,Wagner,junior,63925
fc38b5dceee1a730fad8853453437fbd,13073,campinas,SP,Clifford,Cervantes,top management,83806
152ee17e4c8aaf53dac99f3462e4999b,89248,garuva,SC,Lisa,Leon,senior,94801
fac35d150712afb921ec59ac5f39bb11,38650,bonfinopolis de minas,MG,Willie,Ruiz,manager,67543
04aa0a1c5ce6b222003403a3e11c3cc0,13150,cosmopolis,SP,Meghan,Coleman,senior,83701
ede0c03645598cdfc63ca8237acbe73d,14092,ribeirao preto,SP,Juan,Wood,manager,106581
1e47defeeadeca0e9a18fa5a9311e735,15800,catanduva,SP,Kathy,Bennett,manager,56680
a7b7354cc588f7566a848bcbb1ce3d96,1215,sao paulo,SP,Olivia,Phillips,manager,53623
ef0ace09169ac090589d85746e3e036f,24451,sao goncalo,RJ,Brian,Price,senior,74646
a7dc4098e4da6e41b426269d12ae7e91,4386,sao paulo,SP,Sara,Henry,junior,127393
918717417d88a9f9ae9735567e6c7682,5547,sao paulo,SP,Andre,Lewis,senior,88379
26f6b7ab07be3e9e69ce82a6552efc19,21070,rio de janeiro,RJ,Amber,Ford,top management,98336
cad9969167c09b48ae6f1d123f7fa68d,37706,pocos de caldas,MG,Adam,Gillespie,junior,76746
7c4adcc13272c0e26fa23aac642adb7b,24725,sao goncalo,RJ,Dylan,Payne,senior,113088
f19516b9ff26bfeb091b30108db4ddbd,13160,artur nogueira,SP,Stephanie,Wade,top management,109285
ed8cb7b190ceb6067227478e48cf8dde,11015,santos,SP,Brenda,Daniels,manager,64284
97e50a621f8e801f4baf69e08687c192,4209,sao paulo,SP,Marissa,Shaw,manager,63667
562f8cfc51f265411f487d07e9c40e7f,30575,belo horizonte,MG,Valerie,Newman,manager,117377
a21c11ec5c3f03e7cc9f9203bff9e1c6,6513,santana de parnaiba,SP,Katherine,Oconnor,senior,93340
97e4a63591ca439a2b8b7efd20e6e19e,20520,rio de janeiro,RJ,Rebecca,Andersen,top management,56666
07017df32dc5f2f1d2801e579548d620,58030,joao pessoa,PB,Bryce,Wright,top management,106062
52092ddbd3a58c450a4459bf051b2287,17300,dois corregos,SP,Daniel,Russell,junior,61556
1a8e2d9c38b84a9702ac7922924b0573,89245,araquari,SC,Jeremy,Pham,junior,86611
f1198c871e0171278b63f40d112caeec,1220,sao paulo,SP,Patricia,Medina,manager,121842
87142160b41353c4e5fca2360caf6f92,90230,porto alegre,RS,John,Bush,manager,58530
a0e19590a0923cdd0614ea9427713ced,83075,sao jose dos pinhais,PR,Christopher,Sanchez,junior,63175
289cdb325fb7e7f891c38608bf9e0962,31570,belo horizonte,SP,Eric,Jacobson,junior,64382
11305281b50fff20ae8bb473f8e11876,36500,uba,MG,Sandy,Harper,senior,92285
723a46b89fd5c3ed78ccdf039e33ac63,93310,"novo hamburgo, rio grande do sul, brasil",RS,Robert,Morales,top management,107227
d9b00a97818674c7f8d8b1ef0e689679,84035,ponta grossa,PR,Zachary,Hernandez,top management,126932
9d681c7e12db302cb261e721040dde65,80330,curitiba,PR,Brandon,Shaw,manager,94633
c7bb64409aa480bb7d0335faaaf3d242,89218,joinville,SC,Ashley,Mcintosh,junior,110881
bb7ad8a45c027be8ab075b8e465f8ca0,88056,floranopolis,SC,Ryan,Taylor,manager,68367
8a207b6080964f3c1fc9d35bd6096ba4,15155,jaci,SP,James,Wright,junior,97279
fa1c13f2614d7b5c4749cbc52fecda94,13170,sumare,SP,Kelly,Rodriguez,junior,106270
bf100ecb7997df312b285358fb32f92c,83070,sao jose dos pinhais,PR,Abigail,Wise,manager,88473
3504c0cb71d7fa48d967e0e4c94d59d9,9350,maua,SP,Mary,Meyers,senior,101247
164a5a8794e6d42e14f55e447b12a3bc,85980,guaira,PR,Grant,Nash,senior,124035
de09d00cfc265b8804c7df34075a68fa,2118,sao paulo,SP,Jonathan,Lutz,manager,114447
638cba8be1fb599bbb76fd6948351eb3,12242,sao jose dos campos,SP,Joe,Walker,top management,115899
2f73e04d12cdf0c945ded66bb3fcf6c7,29313,cachoeiro de itapemirim,ES,Lisa,Phillips,top management,120253
fbc14c0cf93505ef89f64665ffa4a7b5,14150,serrana,SP,Donald,Mccall,manager,75893
c3ee2331a724e6fc02c4b698b57a73f3,5108,sao paulo,SP,Rebecca,Medina,junior,54225
e9874ae10b2d60d43917b6bbfa13a599,86604,rolandia,PR,Jaime,Mccann,top management,65999
df47da4ae86fa4db890d05aaf24e21d8,4360,sao paulo,SP,Jasmine,Davis,senior,125205
ddd51ae8cda92f3995a51fc0f0f3eec7,23062,rio de janeiro,RJ,Caitlin,Grant,senior,54121
e644cbadf7eeb30d0d29f335ce7d52ec,3029,sao paulo,SP,Mariah,Brooks,manager,92892
2bdb95a56a36ebbc6640337ac5eac174,4054,sao paulo,SP,Stephanie,Taylor,top management,107273
34d1ca11b242c0fee2c834ae8d788566,36415,congonhas,MG,Travis,Roth,manager,73680
324583d68897f5ddbaf38f6248322176,15046,sao jose do rio preto,SP,Jon,Ramirez,top management,90273
96493fab2fbb13a14d0c0e8772eef5c3,5537,sao paulo,SP,Francis,Thomas,manager,105362
d4ffeb15b67e81ff9af2b4252d99fb7e,12943,atibaia,SP,Matthew,Rush,manager,108588
b5d034ac251546e25afe9067f05c1539,6852,itapecerica da serra,SP,Timothy,Massey,junior,101203
8a1ff5c35f6595a73fef4c7b96e4908a,83091,sao  jose dos pinhais,PR,Robert,Garcia,junior,52824
a150c540f572d0fb53992264bc5c10b5,18035,sorocaba,SP,Kevin,Fuentes,top management,123356
7c1fea10b5b006671d608b1d7c446ec4,18550,boituva,SP,Jennifer,Smith,manager,113537
b6e1504972665f739dec4facb9943775,13405,piracicaba,SP,Paige,Day,junior,81167
f76a3b1349b6df1ee875d1f3fa4340f0,3275,sao paulo,SP,Mark,Lee,junior,53169
99eaacc9e6046db1c82b163c5f84869f,14400,franca,SP,Angela,Gonzalez,junior,110554
8603f0038fe0e52fedd3382d266723de,88495,garopaba,SC,Bradley,Miller,top management,73764
d98eec89afa3380e14463da2aabaea72,90010,porto alegre,RS,Kristi,Woods,junior,128051
ab75b89cc49c9ab3160d0c91565a442a,17604,tupa,SP,Katherine,Miller,junior,116891
08084d990eb3f53af056ccbc1730c8a7,3612,sao paulo,SP,Tiffany,Sims,top management,98171
d85efbc8eff2b7adf524e2820569adc8,5268,sao paulo,SP,Karen,Stone,junior,61872
23613d49c3ac2bd302259e55c06c050c,13660,porto ferreira,SP,Teresa,Watson,manager,92962
87d3c3aeb3ead335511b3ce315eb341e,3059,sao paulo,SP,Christian,Clark,manager,86239
93b9a99027bd8bd6af682aff18dd19bf,7600,mairipora,SP,Susan,Monroe,senior,53359
0bf0150d5b9d60d9cd2906003332f085,1547,sao paulo,SP,Cynthia,Rodriguez,senior,87436
7ecef8194babfec876ca720714327841,13041,campinas,SP,Walter,Chavez,senior,89897
87b4428a334b8f676fd9a7f3bf544fb5,16480,guaimbe,SP,Mason,Miller,top management,110837
30829ded4523ab9224b93bc49a62c95f,95360,parai,RS,Charles,Woodward,top management,104741
dcb7367a92f5ffb89f1e2152ed260285,17700,osvaldo cruz,SP,Rachel,Horne,senior,122792
513a54369b6a8a6602fcb0e129c6d78d,9862,sao bernardo do campo,SP,Teresa,Bates,top management,119931
5075aaa8404020ae6aa8bf4792099b41,37706,pocos de caldas,MG,Bryan,Mann,senior,103822
d354c38a7182125a748cb10474fe963b,28495,aperibe,RJ,Lisa,Escobar,junior,102225
4be9ae93c4fc0f41713d71a4194ee1b3,35500,divinopolis,MG,Robin,Martin,senior,91590
e0487761face83d64fcada2408959a36,1021,sao paulo,SP,Toni,Cooper,manager,109875
9996ae921c50e8dff411ac69c0b4bb8b,17605,tupa,SP,Wesley,Cain,top management,117371
c3cfdc648177fdbbbb35635a37472c53,80610,curitiba,PR,Karen,Morales,junior,99913
c8cc60ffd415254af5d9b9f34f32c369,18053,sorocaba,SP,Joseph,Butler,top management,106903
1ce3ae5a399804d1a87e706f8a813c3e,88715,jaguaruna,SC,Randy,Allen,senior,72464
5f26c1408a65b42a7224cd463bdf3292,86707,arapongas,PR,Virginia,Torres,junior,115338
e59e575a175fadcadf8479e191770425,26210,nova iguacu,RJ,Carl,Roberts,manager,126475
2138ccb85b11a4ec1e37afbd1c8eda1f,8250,sao paulo,SP,Shane,Robinson,top management,58148
83d458c0d6d4f94295d63f091460bd60,29101,vila velha,SP,Kari,Hood,top management,124422
ef30892870c278497523264be1be2241,14801,araraquara,SP,Carlos,Boyd,top management,72038
d5b9a084373da994a6e37f732169a853,9182,santo andre,SP,Austin,Lopez,senior,63487
e9c2dc0dd4ac38448289be644ac94f42,89210,joinville,SC,Kenneth,Berg,manager,111114
fe87f472055fbcf1d7e691c00b1560dc,13085,campinas,SP,Melissa,Carney,senior,93333
5a32c398a06c345440bf2a683b017ad3,21070,rio de janeiro,RJ,Savannah,Neal,manager,123980
f46490624488d3ff7ce78613913a7711,7194,guarulhos,SP,John,Nixon,junior,63822
4d0041cdbe51b4617d95c70b19decc74,36052,juiz de fora,MG,Paul,Ramos,top management,65870
db46ca7bce82b11f7e247539271fc390,23080,rio de janeiro,RJ,Lynn,Lozano,top management,98699
ad420dd0c4f92f8af951ac24b86d0cf5,38230,fronteira,MG,Robert,Baker,senior,117926
e8b4225284fbb02d16f200513f1f395d,14960,novo horizonte,SP,Mary,West,top management,105164
f61c63d13f7cd800549d5acdd390ae72,18185,pilar do sul,SP,Tommy,Johnson,senior,109623
054694fa03fe82cec4b7551487331d74,15840,itajobi,SP,Philip,Roberts,top management,83171
dc50afafdfa325eadc890c7fa42a8f4e,87050,maringa,PR,Patricia,Mills,senior,122935
376d67b61dce0c990155286e7ae486a4,4815,sao paulo,SP,Eric,Fuller,manager,128154
7994b065a7ffb14e71c6312cf87b9de2,29142,cariacica / es,ES,Rachel,Phillips,junior,97832
a9415cf907dfa12f9ed18693244f5329,36320,prados,MG,Andrea,Martin,senior,90097
b7d5b4b87af9d42b601865d3f3810bff,88020,florianopolis,SC,Susan,Calhoun,senior,111092
7315baebc0572ff220d226283dc66728,13560,sao carlos,SP,William,Walker,manager,72399
4125d9385a25e82d2f72d3a0fd55bc3f,11065,santos,SP,Samantha,Robbins,junior,72979
c8b0e2b0a7095e5d8219575d5e7e1181,8598,itaquaquecetuba,SP,James,Stevenson,top management,88786
38102b031c2a15e54623d711bfc753d3,62170,mucambo,CE,Francisco,Hill,junior,126097
160e4f13fd3a64b1b86807be88b5ffb0,83409,colombo,PR,Paul,Mann,manager,114600
8ccf3cf69651cc1d8a02c8bfaf3b8568,13504,rio claro,SP,Stacy,Fields,senior,125546
391fc6631aebcf3004804e51b40bcf1e,14940,ibitinga,SP,Brenda,Serrano,junior,59495
33cbbec1e7e1044aaf11d152172c776f,95705,bento goncalves,RS,Amanda,Cline,manager,86276
da03c298e3999e9d828591fc2179d109,4041,sao paulo,SP,James,Ward,top management,98119
49383af7ab774e4e8f3000f49c83dc4b,12080,taubate,SP,Linda,Hurst,senior,66298
8a2d12a90e92f012ce5226fc6592b653,81210,curitiba,PR,Keith,Howard,top management,89093
52956b80ae65fda598f06f6b9943e7a9,87050,maringa,PR,Peter,Wright,manager,107053
762ed976527cddf02787edba70fffa2a,86026,londrina,PR,Shannon,Thomas,junior,77098
7994081388d55b9cf976c050653dd359,1244,sao paulo,SP,Diane,Parker,top management,72502
585175ec331ea177fa47199e39a6170a,39400,montes claros,MG,Holly,Smith,junior,64697
e59aa562b9f8076dd550fcddf0e73491,82810,curitiba,PR,Michael,Thomas,manager,59087
e84ad2127668df3aafc6b73531a0beb8,4613,sao paulo,SP,Joann,Cruz,junior,111725
1a6245add4353f18ed55138808906979,9694,sao bernardo do campo,SP,Patricia,Wise,manager,99324
e9779976487b77c6d4ac45f75ec7afe9,11701,praia grande,SP,Robin,Rhodes,manager,111514
6b90f847357d8981edd79a1eb1bf0acb,7152,guarulhos,SP,Janet,Malone,senior,65864
48328ec9a579151d9cc6a86d4a59336c,92310,canoas,RS,Erin,Rose,manager,62514
73a63f72308aa20a46f4b1632018f196,82510,curitiba,PR,Alexandra,Smith,senior,127111
f62d7bb4a613ec758a03342d46b580b2,36570,vicosa,MG,Jennifer,Marquez,junior,57886
252e76235acb79183cfca6e34f13337d,13090,campinas,SP,Linda,Reilly,top management,89765
7c5b05cbdb5542049f38d90d7815b97d,5201,sao paulo,SP,Caitlin,Black,junior,70070
db4350fd57ae30082dec7acbaacc17f9,3126,sao paulo,SP,Meredith,Haynes,senior,119732
845e8036c3f7bf62099352f5ed910240,21041,rio de janeiro,RJ,Wayne,Robinson,manager,103515
712efd3b68f9686dc856b84abd0f21ae,82130,curitiba,PR,Sheila,Porter,junior,84662
3364a91ec4d56c98e44174de954b94f6,76804,porto velho,RO,Patrick,Moore,manager,113901
b00af24704019bd2e1b335e70ad11f7c,40130,salvador,BA,Cynthia,Cunningham,top management,54379
4324dd16853115efb0fd9d0d131ba6f4,13720,sao jose do rio pardo,SP,Karen,Knox,top management,113374
0a198e95d32b1be2da9424c962a6ebfa,32260,contagem,MG,Michael,Moran,junior,105257
d1a1b40ec554c593a1a99366746289dd,85501,pato branco,PR,Lisa,Tucker,manager,116288
55a5b51f93f2b70ea513f5a047b0262a,36301,sao joao del rei,MG,Timothy,Ellison,manager,98305
6426d21aca402a131fc0a5d0960a3c90,14091,ribeirao preto,SP,Eric,Andersen,top management,83064
8a432f4e5b471f8da497d7dc517666e2,19042,presidente prudente,SP,Ashley,Hernandez,manager,87226
da3fede3469bf49b7293ce3fc45b294d,8743,mogi das cruzes,SP,Kurt,Gibson,junior,93533
c092292535a57dacd95a8765f5518f87,26600,paracambi,RJ,Michelle,Daniels,junior,71805
20a8b0dc55da94fe74d112082427c84f,13312,itu,SP,Thomas,Lopez,senior,52058
bfd27a966d91cfaafdb25d076585f0da,13930,serra negra,SP,Kyle,Shelton,top management,99848
fadb07c842a2aef5d5a676b85f220e71,15052,sao jose do rio preto,SP,Andrew,Davila,manager,83551
6b15924333bd1a741595fe981ea04822,9541,sao caetano do sul,SP,Elizabeth,Decker,manager,125319
1c83418358f249c9d6affa52d579db0e,1420,sao paulo,SP,Angela,Harris,junior,107313
04e38a233f726ef161074ab1c9b0399a,1239,sao paulo,SP,Christopher,Sims,top management,59988
1b4b28463457a256e9a784ebe2a8f630,13418,piracicaba,SP,Latasha,Potter,manager,85667
db7ed69a53aa9fb1c01930ba54a88bbe,13820,jaguariuna,SP,Brian,Weber,manager,71436
f664f98bfda2eaf266a23ff144e7a872,4001,sao paulo,SP,Bradley,White,top management,113439
7ade73f1b9b4e965f9009a4c3a7e2c15,17051,bauru,SP,Mark,Miller,junior,90422
a369d693961cb93b61ca2cc518872a85,15081,sao jose do rio preto,SP,Margaret,Schneider,top management,70454
fb8904a8ea99f8831b64ce27db2c1765,9550,sao caetano do sul,SP,Michael,Chapman,manager,74898
2ef086a599b597572aca4433b7ed6b3d,89256,jaragua do sul,SC,Christopher,Lopez,top management,96435
134285d1f41da5c13a756ee8142c8a4e,2523,sao paulo,SP,Vanessa,Simpson,top management,107650
9ed65337433adfbedefd23dd76eaa494,5462,sao paulo,SP,Madison,Bishop,senior,108563
aec99834ab5d38ead22766ada8497e87,83411,colombo,PR,Catherine,Rodgers,top management,83293
b8578d2d823bd8e251f6fdd02b40902d,89069,blumenau,SC,Amy,Bradford,manager,87173
d9d43faf741ceaa8da52fdbb81d9e0e3,36010,juiz de fora,SP,Steven,Allen,top management,100117
964ff64dc05b13811c6d0f41e0aa5f6b,4154,sao paulo,SP,Edward,Palmer,top management,64790
96e5dc09087bad639b4ee193104ec2e5,28660,bom jardim,RJ,Brian,Boyd,junior,125559
24c1de8d9551c0b4fbc53317d53efda8,58385,serra redonda,PB,Heather,Hall,senior,52734
0336182e1b3e92f029d5354832045fdf,14940,ibitinga,SP,Ann,Ortiz,junior,121668
c03121937e54a93fcc1825c3098bbb6e,82800,curitiba,PR,Michael,Carter,senior,52011
b87a7ea0c30fad2dd6781b74a0064859,4133,sao paulo,SP,Diane,Norris,manager,120246
84c945f15571830c1a91a33978e94009,2851,sao paulo,SP,Patrick,Craig,manager,78727
2d378dbb39815785238c0139c7647fb7,89240,sao francisco do sul,SC,Melissa,Fields,senior,108905
0b0ddbc7b9d9584f442c7ac92b0ff6c9,7052,guarulhos,SP,Timothy,Dyer,senior,118321
51209b446b2073894bdc0face6c73ffc,29104,vila velha,ES,Gerald,Morgan,junior,114696
5996cddab893a4652a15592fb58ab8db,19010,presidente prudente,SP,Edward,Henry,senior,120465
aa8af66c623d7d544dfe4bb85b5ebe3b,32672,betim,MG,Barbara,English,manager,126043
1690cada046eb7e92c12f98b1f8a8167,1303,sao paulo,SP,Michael,Hill,top management,113091
385799a1cddbd26dfeb9157356a42282,4676,sao paulo,SP,Cynthia,Martinez,manager,82174
42b729f859728f5079499127a9c2ef37,3910,sao paulo,SP,Eric,White,manager,112134
556a6409838156ea299c9d1f9e2dde43,81200,curitiba,PR,Scott,Lee,junior,95298
179d859f51292aac5c10806a356f7af9,9411,ribeirao pires,SP,Travis,Le,top management,95750
934ed5cd1b9c1c7382d0a94a94b9e639,81070,curitiba,PR,Valerie,Robbins,senior,116717
be3b4b0f050a6aa1b2d901c4b77e979f,84430,imbituva,PR,Allison,Sampson,senior,64539
6806dad1da97bfb5a9038eac6881f706,83280,guaratuba,PR,Emily,Estes,junior,58864
94231344608e603693b0a8891143f65d,91520,porto alegre,SP,Alicia,Hayden,manager,93470
446cc09cdbb130904da114e807dbec40,5615,sao paulo,SP,Angela,Spencer,manager,78063
47efca563408aae19bb7206c2d969ea9,64033,teresina,PI,Heather,Cruz,manager,127866
00ab3eff1b5192e5f1a63bcecfee11c8,4164,sao paulo,SP,Tyler,Shaw,senior,90891
71271995e85f5b8530be99ed54a91b89,91360,porto alegre,RS,Carolyn,Brown,manager,129214
a435b009cd956ea60748b5cfbddf2e24,14406,franca,SP,Paul,Miller,manager,127001
11938fcc75f6902fea1d0a6f72b54a57,89900,sao miguel d'oeste,SC,Sheila,Morris,top management,88561
9b76ad3d04236f76bc71c59470305e13,18550,boituva,SP,Jennifer,Peters,top management,50866
d7ab82074b5f1dfba46db123df101bff,12941,atibaia,SP,Dustin,Williams,top management,105928
9c0e69c7bf2619675bbadf47b43f655a,12230,sao jose dos campos,SP,David,Wallace,junior,99664
94d76e96eedd976258cd3278ce56d5f2,18132,sao roque,SP,Jessica,Moran,top management,128059
52f976b17ea7f2f087f56dcc419328f6,86820,california,PR,Steven,Hicks,junior,80854
4e326052e5dbba8adcd512f3450a307e,8020,sao paulo,SP,Monique,Lopez,junior,96021
3586b8580d9c917874e053a1bb37b5ff,14802,araraquara,SP,Brian,Williams,manager,129835
6edacfd9f9074789dad6d62ba7950b9c,7135,guarulhos,SP,Scott,Brown,junior,128935
52831e5990d0771cb4951d6f12928167,17600,tupa,SP,Jeffery,Wallace,manager,81935
9e7c5f4d7770eab65738cca38f9efccf,2562,sao paulo,SP,Craig,Smith,senior,99559
4677a5437afda5fa7140b927b07be1cc,84920,japira,PR,Shelia,Kane,junior,127704
3e8bd881d92466e63ba9e3e809cd3c50,20751,rio de janeiro,RJ,Kimberly,Williams,top management,112959
4a1917ef994878940e1fb03eeb787ad7,70610,brasilia,DF,Kelly,Mcdonald,manager,87586
334cab711dee080b079fa5779b584783,9190,santo andre,SP,Stephen,Lloyd,senior,117941
9dd59e43f0c9f0553244e8f9c2fb247e,85851,foz do iguacu,PR,Erik,Burns,junior,120613
ccf8813e5a7d6c84d865cd38bfc2b130,12080,taubate,SP,Jerome,Davis,junior,74108
8d956fec2e4337affcb520f56fd8cbfd,9780,sao bernardo do campo,SP,Debbie,Huffman,senior,106019
e5a3438891c0bfdb9394643f95273d8e,13483,limeira,SP,Audrey,Lamb,senior,79182
f9f68daa2af419d38f745478bcb3da1a,13180,sumare,SP,Ryan,Buchanan,top management,109830
138dbe45fc62f1e244378131a6801526,2215,sao paulo,SP,Sue,Morgan,senior,111274
5058e8c1e82653974541e83690655b4a,8583,itaquaquecetuba,SP,Jessica,Chang,senior,69870
cd2169d9f31ff6fbb9ca3373b0c9e354,28633,nova friburgo,RJ,Leslie,Morales,senior,128542
15aec03fe4cf30dfa574cf550f5ff5ff,21862,rio de janeiro,RJ,James,Olson,senior,89654
9674754b5a0cb32b638cec001178f799,4438,sao paulo,SP,Julie,Mckee,junior,92951
c161d1327ebc3a156c09582ab2f59f6c,3521,sao paulo,SP,Katherine,Johnson,junior,86693
4d232b78ab7ef10393dc3807d827bc0d,30120,belo horizonte,MG,Vanessa,Crawford,junior,54249
23ff42c4bf1f8f16cddb19d8b972974a,37975,itau de minas,MG,Richard,Mcgee,top management,75270
d3dcf0604eabf0224fbd5948b5e02f69,3654,sao paulo,SP,Hannah,Maddox,manager,66177
49067458c68f7701fd334ce326accbe0,36050,juiz de fora,MG,Ebony,Mitchell,manager,50887
dfa0c4c6229ab200a4a1336b4d7128ff,88085,florianopolis,SC,Tabitha,Zimmerman,top management,107344
35281d148dcf7134bae913c57db4e6da,5171,sao paulo,SP,Donna,Miller,top management,63768
76833248bbc0e65a0293ec62023e4396,16200,birigui,SP,Emily,Cooper,senior,64061
48e5ee06fb2dc74df1c711a9b6dfac2a,35540,oliveira,MG,Brian,Farrell,junior,62512
2cb6eb1b7185064167657fa09f541105,34710,sabara,MG,Thomas,Finley,junior,82471
0f7eea709efdf942b5f95c7516dbacd7,19865,pedrinhas paulista,SP,Taylor,Hill,top management,55904
54583ab379489add547fe47b628db589,9810,sao bernardo do campo,SP,Roy,Davis,manager,129582
51e0557bc7b86de13e946c60ee91ce39,31510,belo horizonte,MG,Tracy,Thompson,senior,85696
0bebbb2cea103a4a020c95d43fd7d754,2515,sao paulo,SP,Brittney,Lewis,top management,113827
9da1ca0bef29ee170e541927a5aeabdc,15500,votuporanga,SP,Donna,Mcconnell,junior,94741
6c7d50c24b3ccd2fd83b44d8bb34e073,19025,presidente prudente,SP,Courtney,Allen,senior,54285
3faf68a3b0af94b10bac70d86077be49,13825,holambra,SP,Jeremy,Warren,junior,75440
05feb94f19d094d4b0f9281f0b1d4c99,8752,mogi das cruzes,SP,Mary,Wilkinson,senior,61941
f650a9708fa1bab22bdd8d3a818cc415,88901,ararangua,SC,Megan,Brown,junior,118690
5cbbd5a299cab112b7bf23862255e43e,83324,pinhais,PR,Benjamin,Lawson,top management,111547
07d75e33f2750d97d467fb57e4dfdd8a,2117,sao paulo,SP,Rachel,Martinez,top management,124302
8a8835a43bda99fd37310ad76c457510,9540,sao caetano do sul,SP,Brian,Foster,senior,62811
ca3bd7cd9f149df75950150d010fe4a2,4361,sao paulo,SP,Brandon,Weaver,manager,93739
323ce52b5b81df2cd804b017b7f09aa7,3306,sao paulo,SP,Ronald,Swanson,senior,92639
ebd1417732defaf66c50b5a800eb293e,86047,londrina,PR,Molly,Martinez,junior,113760
76ea5315acb3f5f7ade3cd261faf922a,4213,sao paulo,SP,Kenneth,Franklin,manager,62390
4b1eaadf791bdbbad8c4a35b65236d52,14092,ribeirao preto,SP,Mary,Lara,senior,107084
4cc43a222a0f94910728b62b97a8c5f8,14026,ribeirao preto,SP,Nicole,Nichols,manager,86907
bc503e244f187939d10c92a5c8e378ce,16200,birigui,SP,Daniel,Garrett,senior,54966
b6f52e346160519c24a23af05410ad32,1254,sao paulo,SP,Dominique,Adams,senior,93911
70125af26c2d6d4ef401a1d02ae7701f,74435,goiania,GO,Kari,Moore,top management,116121
c84592044b180dec206770c38603814b,1026,sao paulo,SP,Mary,Williams,senior,83220
1caf283236cd69af44cbc09a0a1e7d32,26020,nova iguacu,RJ,Joshua,Ruiz,manager,69590
ba90964cff9b9e0e6f32b23b82465f7b,7140,guarulhos,SP,Erin,Ross,senior,86776
5e9f5bd34e0830569f05c9d4f56e04a8,90560,porto alegre,RS,Alyssa,Mccullough,top management,77169
15fa791d5e017f66402dc28c44480657,3307,sao paulo,SP,Nicole,Frazier,top management,54499
20d83f3ef0e6925fd74bfd59170babf7,2804,sao paulo,SP,Tiffany,Snyder,senior,120423
59417c56835dd8e2e72f91f809cd4092,13480,limeira,SP,Barbara,Hamilton,junior,55555
a13580f0e8f782b7a543885a0ef99f08,22790,rio de janeiro,RJ,Christine,Reeves,manager,104298
ccada0ef508e698917a6eab263375905,85948,pato bragado,PR,Carrie,Bradford,top management,73105
4bde6149c15cf7e177b36fa060dd6de8,99500,carazinho,RS,Katie,Baker,manager,87155
fe1bbc5feda5c8979a8a1b3b2512d5a6,38680,arinos,MG,Jennifer,Curtis,manager,57364
23a0ffca143a15b9b5bbdb7d552f626a,13520,sao pedro,SP,Lisa,Richards,top management,68888
32b8764b4ef628b53608fc34011fcc13,88504,lages,SC,Daniel,Hampton,manager,58390
e7df4cd29ab5abab70fb0783ddb53987,4122,sao paulo,SP,Daniel,Howell,manager,57665
0432ead42b6c8a0bdf68154add917fdf,9320,maua,SP,Valerie,Wiley,top management,98847
7e959205cebc10adefcb331f934238a4,1223,sao paulo,SP,Ethan,Reese,senior,55298
2a261b5b644fa05f4f2700eb93544f2c,13660,porto ferreira,SP,Michael,Harris,top management,117308
f680f85bee2d253556ac91be391d2c82,6365,carapicuiba,SP,Andrew,Wheeler,junior,61312
3785b653b1b82de85ab47dd139938091,85640,ampere,PR,Jeffrey,Rasmussen,manager,102818
d379f449f2a3b271bc01c0782020f705,35500,divinopolis,MG,Sherry,Blankenship,senior,58182
7ea5bfa6c340f58f8e71fc1f0412b0d6,30180,belo horizonte,MG,Christian,Wilson,senior,62857
dc120d932ddf9d4dfb6fd68beefda622,83010,sao jose dos pinhais,PR,Martin,Santos,senior,62402
6902157ee16728322d61a1321fa79e58,1026,sao paulo,SP,Linda,Mccann,senior,68341
f3041c2e75ec683697a6a5ea82192210,35680,itauna,MG,Autumn,Mitchell,top management,63217
c54679b132454625907c773d273d4126,11443,guaruja,SP,Haley,Allen,top management,55515
d26aa40b90272d4843d63be7c1462c8d,3065,sao paulo,SP,Carrie,Henderson,junior,123902
a2fa0bdc798ee84cdb08281337cf4fb6,88063,florianopolis,SC,Shannon,George,junior,88575
bd697db56ff8e7c9cd1abeb7f72029b2,3533,sao paulo,SP,Joseph,Hernandez,junior,107702
2aafae69bf4c41fbd94053d9413e87ee,91901,porto alegre,RS,David,Robinson,top management,66529
483ca627d131e18f988349b1655c0acd,13800,mogi mirim,SP,Joseph,Weaver,junior,82294
1a3df491d1c4f1589fc2b934ada68bf2,89224,joinville,SC,Richard,Walker,senior,118677
e81e1f9c3e762e620f3fb60a51499e16,89520,curitibanos,SC,Marcus,Peterson,top management,97374
4170f6a9367e6b5d6401d03ce6d54569,71906,brasilia df,DF,Gregory,Ryan,senior,124382
4e480be820e37de1444325ff358c9296,37410,tres coracoes,MG,Michael,Pitts,senior,125896
6560211a19b47992c3666cc44a7e94c0,5849,sao paulo,SP,James,Austin,manager,56416
3da38366e7bd9baf6369071f782ecdf0,60346,fortaleza,CE,Samantha,Brown,junior,87044
e3e290b38963293022cdcd6db8328103,1403,sao paulo,SP,Justin,Dickerson,manager,95977
70b52a4cfc823994561b00bad161b4ed,2727,sao paulo,SP,Mary,Vasquez,junior,53208
c1552b1dab6e6f760950368ae61fb600,12215,sao jose dos campos,SP,Heidi,Santiago,senior,119643
596849622429351f47b32e6cae1055ff,8710,mogi das cruses,SP,Adam,Smith,junior,77231
e6ffc9ac6a7adc9d16a1cfc2286dd546,2565,sao paulo,SP,Jose,Woodward,top management,84041
bf0045791395e66460eb04749c68672a,4256,sao paulo,SP,Jessica,Parker,senior,73691
718539d38d07dd351c76db862760e2e2,13088,campinas,SP,Shawn,Mccarthy,top management,55185
b76f4d90e85657a240495c876313adc5,13185,hortolandia,SP,Cheryl,Ferguson,manager,60218
979e9f8b5b39dd243a2550c8b05aecf0,4160,sao paulo,SP,Sheila,Mccoy,senior,120685
22a23e5ac7061fc538cc2a019afaaf16,30310,belo horizonte,MG,Veronica,Cabrera,senior,68290
0b90b6df587eb83608a64ea8b390cf07,87025,maringa,PR,Shelly,Adkins,manager,125123
9200e6ce317b67196b6b0bad4d4bd567,20771,rio de janeiro,RJ,Paula,Mendoza,top management,121322
4c60877808f4318ef1107fbeb8f89afa,12940,atibaia,SP,Nicholas,Roberts,manager,64807
3bb32fedaa74e4ad20f4ce067733bd31,88210,porto belo,SC,Stephanie,Burton,top management,122277
ae8bfdbf1c2a2a2dee92d799db0a31c6,85900,toledo,PR,Mike,Moran,top management,52801
1927cdb9fa74f5270097f6250e8e8f34,17511,marilia,SP,Laurie,Hall,junior,56353
8a87611c08849ffeeccab52aa798b6c7,82940,curitiba,PR,Jeffery,Mcintosh,junior,106178
679769a98cfcc6da877c8486ff1c13f3,35162,ipatinga,MG,John,Mcguire,manager,52880
acf974e4d5950ad143a247471b831eb9,95059,caxias do sul,RS,Gregory,Webster,senior,101094
20a7efa9721046319bdde5d60b6b5365,88790,laguna,SP,Jessica,Garcia,senior,68445
febab0275244b9a49a623f0bd613ca2f,13920,pedreira,SP,Henry,Campbell,senior,107692
f3da5b2ff499efb8d4a6d371d175d7dd,2407,sao paulo,SP,Jack,Smith,senior,128062
436bf27f2f18474fc6047702e9f8a866,13041,campinas,SP,Daniel,Wood,junior,104181
d2f3e277560ed4c6361284429b00f037,12942,atibaia,SP,Brian,Carter,top management,103662
cd843d4cf8ef32827de0396605163ba3,36071,juiz de fora,MG,Lori,Santos,senior,64594
67883baaae6134ee81b271a542613728,1310,sao paulo,SP,Julie,Mcclure,senior,90837
7dc9a3355bae96dd82008b313d3a456c,36213,dores de campos,MG,Michael,Leonard,manager,73796
05e107217c7266362fd44b75b2cd4cc4,5353,sao paulo - sp,SP,James,Gallagher,senior,89611
1acde099eb406aa220b1169b188b42da,2532,sao paulo,SP,Jacqueline,Wilson,junior,78083
d97df38225e5abadaff1e72cb72b823c,9560,sao caetano do sul,SP,Danielle,Bartlett,top management,89024
45213867cefbf2cd4c6177e10216a951,13603,araras,SP,Lisa,Williams,manager,115723
61b893c57e33626afb104d4112b1be76,37142,divisa nova,MG,Paula,Larsen,top management,107682
a420f60ff1aa9acc80d0e42959f2b313,5138,sao paulo,SP,Monique,Nguyen,senior,96340
ff4ea69c2a729e83e63c7579e4ef8170,7071,guarulhos,SP,Darryl,Mcknight,junior,89140
fa5fdc4e4bb6bd1009ad0e4ac4096562,9111,santo andre,SP,Brent,Leon,senior,54532
916748bc99315c2d202898ae58b1617e,18040,sorocaba,SP,Jeremy,Elliott,junior,68286
bc2ac6b95e1accce9858528ee566c17e,13085,campinas,SP,Joseph,Sanders,manager,52408
25debeafbce801fdd479539350185eee,17350,igaracu do tiete,SP,Robert,Casey,top management,112479
02c988090b766852e088c69d7fb3b551,13473,americana,SP,John,Schultz,senior,55226
e5f9e61ceb5f523cc966e0f34095032f,88353,brusque,SC,Morgan,Bell,senior,89348
ad97a199236354e53fcd91a5a913e9a2,88350,brusque,SC,Molly,Mason,junior,124889
3606774ec64634822d78dc2db6d37045,9510,sao caetano do sul,SP,Debbie,Alvarez,junior,65993
94165aea8a35c3c21499cbcae239b16c,38412,uberlandia,MG,Theodore,Freeman,top management,51522
c8665a4dd081a2c436b1cd921079d0d9,14750,pitangueiras,SP,Kayla,Francis,senior,105355
c7dcd301ecfe5ab7f778ac172cf74be7,30120,belo horizonte,MG,Trevor,Woods,senior,55072
6c17baf138731a4aaacc3210adf2037b,14400,franca,SP,Trevor,Thornton,top management,61125
50c361bcf670d16f6df4d52de3dff924,4131,sao paulo,SP,Deborah,Shea,senior,76945
32e5635e63cb374eb63afdd242fb6134,22451,rio de janeiro,RJ,Robert,Wood,junior,104131
c1f12f926d0ba950578b4fa41115cbb6,4317,sao paulo,SP,Yvonne,Nichols,senior,129376
8602a61d680a10a82cceeeda0d99ea3d,1001,sao paulo,SP,Frances,Jackson,senior,53948
c3acdfac4e3e97ff87529454fbc03642,5705,sao paulo,SP,Shawn,Horton,senior,55486
fde0cc9ea29c8ccfc0a2c22256a58c71,81650,curitiba,PR,Tammy,Smith,manager,110826
e63e8bfa530fb16910dd6956e592bb81,7160,guarulhos,SP,Stacy,Mathis,top management,67458
c4f7fee5b0db50e87766f5a4d1b1b758,18085,sorocaba,SP,Linda,Robinson,senior,88066
d7485b33791774c36108f8c69602d48d,81020,curitiba,PR,Nicholas,Stephens,junior,57138
515d781150feed28a6ac091bb0e3cb8c,79090,campo grande,MS,Aaron,Garcia,manager,71604
e908c0f3646e8b60375734a350d95d71,1226,sao paulo,SP,Jeffery,Howard,top management,128158
2646baaf662d4d92ac48f047e35db92d,3303,sao paulo,SP,Diana,Stewart,top management,127818
13fa2a6c6b9d0f43cb588d7c82117a12,3567,sao paulo,SP,Daniel,Rodgers,senior,114127
5343d0649eca2a983820bfe93fc4d17e,9270,santo andre,SP,Lori,Golden,top management,62173
7c9130f5f3729edd32aa059141d92484,17400,garca,SP,Karen,Santiago,junior,116401
e4ebd3f87bf70440014f07ddda7fbe03,19470,presidente epitacio,SP,Kirsten,Walker,manager,128809
33a17d60c64393351ebf1ef860f4e0f2,91510,porto alegre,RS,Adam,Smith,junior,108380
640e21a7d01df7614a3b4923e990d40c,14940,ibitinga,SP,Antonio,Haynes,senior,60636
d57e18d5f73c7ccb7f7339b61166898d,3613,sao paulo,SP,Zoe,Bennett,manager,99736
dd2bdf855a9172734fbc3744021ae9b9,31255,belo horizonte,MG,Daniel,Cummings,junior,92373
9d213f303afae4983637247556438ede,14940,ibitinga,SP,Tony,Chan,manager,62408
aadfe0417e61315688b6bd7043361e25,74340,goiania,GO,Heather,Kane,junior,129657
079d295dcbf06ee8bb1b65ba964eb2b6,2124,sao paulo,SP,Charles,Stanley,junior,119777
55c26bcb609f480eb7868594245febb5,14910,tabatinga,SP,Darrell,Fields,senior,95143
cbf09e831b0c11f6f23ffb51004db972,9726,sbc/sp,SP,Matthew,Reed,manager,98997
7fdb0720c8d7c9075538b365dc8c3a22,85904,toledo,PR,Veronica,Johnson,senior,110886
933446e9a59dece7ae9175103820ca8f,81730,curitiba,PR,Melissa,Tyler,top management,116913
3f8247d0f772ffa58560e5c682521ad5,89211,joinville,SC,Desiree,Mitchell,junior,67532
e46bc031f2c5bae4ccb40bb90712e9b4,5174,sao paulo,SP,Claudia,Gibson,junior,122627
4aba391bc3b88717ce08eb11e44937b2,45816,arraial d'ajuda (porto seguro),BA,Jeffrey,Brown,senior,74524
fcba71d4d5db057f43249145e4eb1e27,13481,limeira,SP,Jennifer,Freeman,senior,81800
c747d5b92c7648417faea95d36d763e8,61800,pacatuba,CE,Richard,Mathis,top management,109141
715bbd5ba4e6b74cb0d2f29eb45058b0,13930,serra negra,SP,Michael,Young,manager,73991
1430239a858e7682bbc43b20758af153,4087,sao paulo,SP,Christopher,Smith,manager,100073
bb7a14e229b1c95156719c3d9552eeee,23095,rio de janeiro,RJ,Melissa,Holder,manager,67112
d598f929fc44e1e38678e7f47250ec04,73801,formosa,GO,Michael,Garcia,top management,74605
edc518ba25576a0188a0e8f2c3af186f,7023,guarulhos,SP,Andres,Reed,manager,96554
4c18691b6037662be2df78a765d98ab5,3167,sao paulo,SP,David,Reeves,junior,109957
8f2b51a30523cdecddc2f179f351c7d6,4833,sao paulo,SP,Mark,Ramirez,junior,100674
6b536a23086fba0d58c08d68814397f6,24346,niteroi,RJ,Joshua,Curry,junior,119676
95f83f51203c626648c875dd41874c7f,37564,borda da mata,MG,Alyssa,Small,top management,94124
6b243f80ed07b10f0e8aa0f21a205f3c,81825,curitiba,PR,Joshua,Brown,junior,105586
e7f3bf1ecd8526eb7f3b18059e6716e5,11680,ubatuba,SP,Sandra,Silva,junior,100584
4d600e08ecbe08258c79e536c5a42fee,85988,entre rios do oeste,PR,Matthew,Walsh,top management,74730
2089a6d640999f9b9141ac719b2af596,13566,sao carlos,SP,Stacey,Martin,junior,64205
2a167ca73899c85001a837d8fb4962f6,37540,sao paulo,SP,Edward,Willis,junior,125907
458c6fa920810ce2492da71bc26d9eec,15813,catanduva,SP,Briana,Hamilton,senior,76304
7494d0dcba8551df6cf37f1b905dc2f7,11013,santos,SP,Bridget,Davila,junior,111940
698f5fa55a5f73d0740e9d9a773e8093,20751,rio de janeiro,RJ,Bonnie,Black,junior,50064
4f0d637c1197fd65405ebd755ac9f86b,6768,taboao da serra,SP,Manuel,Buck,senior,98706
3969863bb8af7f72580b3b1ffd3a17b3,3550,sao paulo,SP,Joshua,Davis,junior,65182
2a5b78b41cd05baeac8df54c6606b92c,35570,formiga,MG,Kevin,Hanson,top management,71424
1f7dfad2cb384ea4d2d7e1ffbd78c407,1139,sao paulo,SP,Sabrina,Harper,manager,80593
08f5819815f3d06545011850bd70f0a8,11075,santos,SP,Lisa,Petty,top management,51808
b32be1695eb7ec5f10f72d9610a12527,95012,caxias do sul,RS,Dave,White,junior,52866
b94cc9f10ddc85e4ba73a6f7974e7101,27930,macae,RJ,Anne,Meyer,senior,110137
53243585a1d6dc2643021fd1853d8905,42738,lauro de freitas,BA,Christine,Stewart,senior,73396
6df688df543f90e9b38f4319e75a9d88,31230,belo horizonte,MG,Karen,Coleman,senior,112851
7f40d06aa0b5f1aa4f41af8c0480e2ef,13506,rio claro,SP,Grant,Taylor,top management,95542
dd88d13bea9e4c2bf47daf224f8141e5,95900,lajeado,RS,Brenda,Parsons,senior,107411
72c38a04bd6a1c3dbc5298425a0db86d,85804,cascavel,PR,James,Murray,manager,69021
9e17b9d64683aebcbb9ee362d06463b4,14020,ribeirao preto,SP,Terrence,Hall,senior,68507
b5bb2b985208834bd5bd86c7a402bbad,95800,venancio aires,RS,Pamela,Hardy,senior,101538
b1fecf4da1fa2689bccffa0121953643,79107,campo grande,MS,Elizabeth,Tran,junior,126475
7b1222c3624aa89b9558b50a2594188c,15041,sao jose do rio preto,SP,Travis,Duran,top management,53433
e595809a6c31ec4314fd06ef198c244d,88370,navegantes,SC,Tracy,Wallace,top management,56062
ba6b68b55fe8704377a7d43c8e5c0185,30130,belo horizonte,MG,Michael,Klein,junior,85033
b8114f2f589a6804810f04f99b36b498,9633,sao bernardo do campo,SP,Richard,Thompson,top management,71531
83d7070a0b9a8b4625fa8682b819fabb,6717,cotia,SP,Ryan,Robinson,top management,113108
570d4583587a5fe2d47c7be89b91ad27,2220,sao paulo,SP,Jeffrey,Ware,junior,71936
9591fc341b1bfb7ef561e2968ec6e011,4456,sao paulo,SP,Michael,Cross,junior,114198
0af977692321d895349eded183341d28,11070,santos,SP,Angela,Erickson,top management,81678
b33aaadd1a8891d2dfef0c4c3bdf0371,13481,limeira,SP,Laura,Bailey,senior,61229
5d9dc90a686a8fddacffab6bab5653a3,6513,santana de parnaiba,SP,Roberta,Acosta,senior,63202
cc80e2f693fa6e2408f47ccf62413fc1,81050,curitiba,PR,Arthur,Castillo,junior,94198
dee656f0f566ed1aa85bd137c943f08f,12701,cruzeiro,SP,Donald,Harris,senior,125762
ace601496e211a664100321f038f50af,2372,sao paulo,SP,Marvin,Moore,manager,60430
d673a59aac7a70d8b01e6902bf090a11,14940,ibitinga,SP,Derek,Payne,junior,53414
966cb4760537b1404caedd472cc610a5,9920,diadema,SP,Paul,Keller,junior,118936
d4a5e99e0dd915df64ba55a7fbd583fd,5041,sao paulo,SP,Laura,Gardner,manager,129869
6bcb2352a2a0c38b845f598298ab9d26,87050,maringa,PR,Christian,King,junior,93864
2c2c9832d1bb38c5b0034a3b47d313ee,97050,santa maria,RS,Corey,Myers,manager,106311
f3b80352b986ab4d1057a4b724be19d0,71200,brasilia,DF,Robert,Rogers,top management,68182
b452cb0ae35044c4a53179c39f49fb06,18047,sorocaba,SP,Rebecca,Griffin,top management,120159
0307f7565ff85b299b6e5ef162b1b1a9,15085,sao jose do rio preto,SP,Mark,Mitchell,senior,101282
ffeee66ac5d5a62fe688b9d26f83f534,15130,mirassol,SP,Amber,Simpson,manager,108743
3bfad056cf05c00dabe2f895925d83b1,6033,osasco,SP,Elizabeth,Lozano,junior,101229
9aa388272ee334b6ae07bc73706e254a,36886,muriae,MG,Ian,Mcbride,junior,71330
74bafed391319577bce6f4d2acc0589a,1311,sao paulo,SP,Jeffery,Hall,senior,124368
2b03ac196f5ed62ac483960fe0fa3b65,2510,sao paulo,SP,Amber,Sawyer,junior,78297
0b64bcdb0784abc139af04077d49a20e,92420,canoas,RS,Jenna,Henderson,senior,71346
0bfd0b434243adc5c2e1aa6baf19c6aa,22745,rio de janeiro,RJ,Briana,Davis,junior,99775
92d14edfb62ee5ae7fdff70b0f4e7233,9810,sao bernardo do campo,SP,Jacob,Fowler,manager,60154
5e105f5c9f63f5f1fd75d6cb942e55b1,15076,sao jose do rio preto,SP,Vanessa,Taylor,senior,80475
2fb25ab44bdbeae6a4d816e0d0c9d500,27274,volta redonda,RJ,Elizabeth,Bryant,manager,79824
ed4311e67debd72b8610a5347a743087,7170,guarulhos,SP,Jared,Johnson,manager,77728
5bf397d04035b5f45cc41e82ec106803,4144,sao paulo,SP,Monique,Kidd,junior,100037
f9bbdd976532d50b7816d285a22bd01e,5319,sao paulo,SP,Brandon,Sutton,junior,90231
e3e15e2c0b9700561efac21c6be48066,5315,sao paulo,SP,Kelsey,Morrison,top management,57223
a5bff0f43eb51f0cad7c37fac7244c8a,4827,sao paulo,SP,Shane,Price,senior,57342
f52c2422904463fdd7741f99045fecb6,9230,santo andre/sao paulo,SP,Steven,Jordan,top management,119659
14f2b3587172b9db894c9bad8dab520b,95240,ipe,RS,Stanley,Salas,manager,112820
1354d51653f645349064725ed204e85e,1230,sao paulo,SP,Brooke,Riley,top management,128773
eaaa46e98c9e61f6764dd1d7a2ab8b3e,59775,messias targino,RN,Andrew,Lee,senior,105474
5b664594895aefb418afaee6d40a9a23,25750,petropolis,RJ,Nicholas,Robertson,senior,126052
bf00385a5f7fc1ef39a13c2e9ee50a5f,1224,sao paulo,SP,Kyle,Holden,top management,124156
391bbd13b6452244774beff1824006ed,13082,campinas,SP,Briana,Sanchez,senior,74342
c714262700f93defc16bf17a51a4cb23,2751,sao paulo,SP,Michael,Hickman,junior,101813
bcd2d7510d58e293f20fad6438c1b314,81540,curitiba,PR,Stephanie,Turner,junior,69825
ec4608a1f76453166bb312b2968aeaf4,13660,porto ferreira,SP,Alyssa,Mcdonald,top management,101166
5c603ffb38cbbf25a0e0698941324143,37004,varginha,MG,Debbie,Barnes,junior,74747
2bd05d410a8fd26dc4184a15f4f2f588,31130,belo horizonte,MG,Jessica,Butler,senior,102625
4dab98ca6cd6d3df586203cefd28a042,91150,porto alegre,RS,Ryan,Carroll,junior,63313
293dee954235e4e4e43f129313625ebe,72125,brasilia,DF,Daniel,Bailey,senior,58035
cd68562d3f44870c08922d380acae552,14050,ribeirao preto,SP,Alexander,Sellers,senior,100072
082e0bf4cb865a6533b1e8e498cc0255,18608,botucatu,SP,Jeffrey,Lowe,manager,127407
c286ec035ee04ba81c97508f0b5df544,81320,curitiba,PR,Ashley,Kirk,junior,59450
dd8a29ce82d5c705ba932d81494600a5,8220,sao paulo,SP,Craig,Pierce,manager,110351
41da412d33e8da4f22baf55cb1bde82c,29260,domingos martins,ES,Adam,Miller,senior,68725
782f78b632a43875dd5b53e3e49c9564,13030,campinas,SP,Christopher,Cole,junior,72626
28405831a29823802aa22c084cfd0649,3644,sao paulo,SP,Andrew,Williamson,junior,90726
fe19dce63ae80346207c6c55713d1023,38010,uberaba,MG,Martin,Gill,manager,55528
a67780aba9dd436e7ac0aa1f889e73ec,19027,presidente prudente,SP,Dawn,Golden,top management,110454
d594982fd877af63ace38ea1fca27c76,1031,sao paulo,SP,Elizabeth,Moore,top management,71493
dda37071807e404c5bb2a1590c66326f,3282,sao paulo,SP,Alexandra,Todd,top management,94499
5bc55dbe2f12b6af6d83ed46023e0dc8,35170,coronel fabriciano,MG,Elizabeth,Rowe,junior,96269
b1b3948701c5c72445495bd161b83a4c,3390,sao paulo,SP,Julian,Walter,senior,88434
4e92348462c75b6c842b994ce84a0ed4,94930,cachoeirinha,RS,Brent,Lewis,manager,78364
6e13dd869aa7185f601c941423abcc8f,5311,sao paulo,SP,Jaclyn,Phillips,junior,80205
723cd880edaacdb998898b67c8f9da30,14940,ibitinga,SP,Nicole,Newman,manager,71355
00ee68308b45bc5e2660cd833c3f81cc,3333,sao paulo,SP,Justin,Barnes,top management,54176
1fbe10c70e30765ed1de86d9f7e98409,9320,maua,SP,Gabrielle,Brown,manager,119032
001e6ad469a905060d959994f1b41e4f,24754,sao goncalo,RJ,Alan,Dennis,manager,74665
685b870da5b52a710782c9c0fefbeb5b,9820,sao bernardo do campo,SP,Karina,Riggs,junior,128352
701938c450705b8ae65fc923b70f35c7,15014,s jose do rio preto,SP,Christopher,Williams,junior,50893
f3862c2188522d89860c38a3ea8b550d,14092,ribeirao preto,SP,Tony,Dean,manager,93096
f5f1f2c5f923f36ad79ea1d07185ddc9,19820,taruma,SP,Diane,Butler,top management,120108
cf8ab1616079e2793aa29d524df01bb1,4088,sao paulo,SP,Michael,King,manager,64559
160851d3ece7aa1a510f8d1a4bb8a8af,17400,garca,SP,Christina,Hernandez,junior,114779
61c36f0fc4a47f9532e5512b66668e62,7043,guarulhos,SP,William,Johnson,junior,124569
59b22a78efb79a4797979612b885db36,38414,uberlandia,MG,Brenda,Walker,senior,85881
553a440137d6e0cf776aee0bb83ac9f5,13481,limeira,SP,Robert,Wagner,top management,121201
ea8482cd71df3c1969d7b9473ff13abc,4160,sao paulo,SP,Angelica,Thompson,manager,111238
72bc2cce903c872fe376a8faaa81d237,4693,sao paulo,SP,Christina,Griffith,top management,63317
65c255b299faf2d12050937cc219c46c,3060,sao paulo,SP,Chloe,Johnson,top management,119361
f09e26011d833ddab11593c1a097a92a,13632,pirassununga,SP,Steven,Douglas,manager,89317
72c73be2b085b9d57650dd53eb2004c9,2116,sao paulo,SP,Karen,Dixon,senior,63671
c2bda99904207edd1834f03e0022b007,8280,sao paulo,SP,Julie,Williams,senior,127948
3d4824f20035949c710eaf111f869d39,18015,sorocaba,SP,Stacy,Brewer,top management,119326
042573af89b6d931f672efaf789d8358,18015,sorocaba,SP,Christina,Mata,junior,52223
5b925e1d006e9476d738aa200751b73b,4567,sao paulo,SP,Angela,Spencer,senior,123480
06bb3a2fe5e7b7a845b13e8fb91bd944,31844,belo horizonte,MG,Joel,Nguyen,junior,111284
5f5a58930c3c35f3b5af264f34fb8c85,14020,ribeirao preto,SP,Cynthia,Monroe,top management,92004
fe2032dab1a61af8794248c8196565c9,13030,campinas,SP,Michael,Romero,senior,120837
3092c0b297aacfb4bb6e056ebe13b9b8,7402,aruja,SP,Michael,Baker,junior,73466
c004e5ea15737026cecaee0447e00b75,2035,sao paulo,SP,Reginald,Carrillo,top management,51706
8629a7efec1aab257e58cda559f03ba7,74223,goiania,GO,Michael,Snyder,top management,105698
1c56ffe0e9dea2657fc6e95b53f40b13,13575,sao carlos,SP,Timothy,Salas,top management,121515
74a9b9bddf14ece02beb81f52c41a88d,1156,sao paulo,SP,Paul,Brown,top management,126878
1cbd32d00d01bb8087a5eb088612fd9c,3363,sp / sp,SP,Shaun,Hudson,top management,125961
850857dfac77488c307e2b1cbd84ab5a,85802,cascavel,PR,Tina,Brooks,top management,129192
e0a366315b1b726b6c7832d664c0f530,2258,sao paulo,SP,Robert,Navarro,top management,64383
4049512728d969bec69f84088b012416,30310,belo horizonte,MG,Kristin,Padilla,top management,58722
120476eb7a04c149d14772edaf5d9bf2,23954,angra dos reis,RJ,Jason,Travis,senior,85919
cd6efc47efaabf134f8bdb654e10b4f1,23050,rio de janeiro,RJ,Steven,Miller,manager,62972
2a7c6c0b0d5efde2bf75ec1e1cec2d41,87015,maringa,PR,Gregory,Ballard,manager,54096
4e17c65a516f69d023a2ae78b84f28d6,8673,suzano,SP,Robert,Jones,manager,119370
a8739afb32aaa45e01815ca76f76f54b,9850,sao bernardo do campo,SP,Patrick,Raymond,manager,85045
d4828feed4cda2cd9d6b37899a95a71e,63020,juzeiro do norte,CE,David,Butler,senior,124662
e3d3b3efac954a60d61be70b7e05b49b,3370,sao paulo,SP,Adrian,Smith,junior,71353
d558ebe531605a1285ab2b1bc3256dfb,35501,divinopolis,MG,William,Jones,senior,64412
c7a0a13cbcf29d5ce51c8f80afdc0b89,89170,laurentino,SC,Scott,Gonzales,top management,70455
33ac3e28642ab8bda860a2f693000e78,6717,cotia,SP,Sierra,White,senior,52205
8936ba0de1073ee888cb3185ae5dc661,3372,sao paulo,SP,Daniel,Gonzales,manager,60891
18a349e75d307f4b4cc646a691ed4216,1319,sao paulo,SP,Bonnie,Davila,junior,69535
a72c2f59332659e361d647515c698798,95270,flores da cunha,RS,Randy,Neal,top management,110328
b55638ad525e906c698fa2ce742c1742,88780,imbituba,SC,Steven,Smith,manager,91295
be9a160a9011f627c3e121d076c1ec7b,89256,jaragua do sul,SC,Dana,Mcintosh,senior,56311
ed859002ad59dbf8cf3602696a6c3000,86035,londrina,PR,Joseph,Turner,top management,96138
12b9676b00f60f3b700e83af21824c0e,95780,montenegro,RS,Elizabeth,Fox,manager,50655
ef2fbc2b607d8492bcffe657a4645434,20051,rio de janeiro,RJ,Ryan,Austin,manager,117305
a080fc8a850289b27500f6b49cca2553,3382,sao paulo,SP,David,Thomas,junior,98161
9c57bc60cfad5ee62d35d3f1ce4593a1,81200,curitiba,PR,William,Smith,top management,96605
9539213aa8e023c01937bef95dc006da,3673,sao paulo,SP,Stacy,Fry,manager,125409
69a43819c758c65a5befb0b471c954d7,86802,apucarana,PR,Jacqueline,Bauer,senior,116968
8fdca8e349553f99bc738833a62c8802,2189,sao paulo,SP,Robin,Nguyen,senior,75287
0bb27263628258b8111a0262769fa9db,3077,sao paulo,SP,Tina,Thompson,junior,116842
08061dc0fc165ed41288cc7acde738ee,6036,osasco,SP,Kristie,Baker,manager,57456
4ebdc7e6cd6102a022dadc49156d4ea8,5030,sao paulo,SP,Sean,Washington,junior,107579
f918546be4bec7104d117789ba758b2b,5634,sao paulo,SP,Barbara,Wilson,manager,66820
eb4a59a06b3948e851a7d7a830bcbc42,41820,salvador,BA,Cassandra,Wu,manager,116232
80146bc52c4f6af5239b23de2a20262b,6753,taboao da serra,SP,Matthew,Duran,top management,94352
4091f77d8c768fc3e81c20761471761d,3059,sao paulo,SP,Sara,Hood,manager,102627
0dfbed20065e425d2eaefb101f9816c0,13660,porto ferreira,SP,Kimberly,James,junior,121583
26bad72add1f86e08a776ce4ffdaf1ca,14470,pedregulho,SP,Shelley,Ingram,senior,96933
e174dc2de86d60fee178170a154c05e7,9210,santo andre,SP,Daniel,Robinson,top management,67668
612170e34b97004b3ba37eae81836b4c,93542,novo hamburgo,RS,Sarah,Trevino,manager,86468
2a84855fd20af891be03bc5924d2b453,30111,belo horizonte,MG,Alexis,Carr,senior,98062
cf2384dd2f1dddea3f838efed0945e65,13930,serra negra,SP,Jennifer,Hartman,junior,118382
377bc18334c78dd2f1535ef22a3ad225,83015,sao jose dos pinhais,PR,Megan,Woods,manager,50109
439a47cc365d6e3bd526812ea9de3c29,8730,mogi das cruzes,SP,Charles,Silva,junior,60139
6ba4733aa33f6386e9fb0c0fd3993b38,95560,torres,RS,Richard,Pugh,senior,105327
4b39558c138930b9e5489c93b6df5fe3,49055,aracaju,SE,Jennifer,Rose,junior,110080
4b9750c8ad28220fe6702d4ecb7c898f,13484,limeira,SP,Anthony,West,junior,64271
278b6e0b20c4f61fefaa0577943d7a35,88316,itajai,SC,Andrew,Adams,senior,70321
ba8e85df286308fe68a2ce83a8f8b2d6,88135,santa catarina,SC,Carol,Sexton,manager,126765
2059c39f76271d4ca3f15b5ffaccc8b8,81930,curitiba,PR,Brian,Moreno,senior,64856
5a05a16bb50629ee31afab8a6d4c2674,95076,caxias do sul,RS,Anthony,Pineda,junior,120553
edb65fe661681b1c0de8bd47c8655855,8111,sao paulo,SP,Thomas,Miranda,top management,108997
8cbac7e12637ed9cffa18c7875207478,89254,jaragua do sul,SC,Allison,Bowen,top management,115481
fdb9095204a334cd8872252ffec6f2db,3331,sao paulo,SP,Lee,Lara,senior,85429
0cab2da43793a6f3c5ed8514c5f54627,80060,curitiba,PR,Matthew,Suarez,top management,69666
5b97c06a046398e7005b2b7c0d707a92,38770,joao pinheiro,MG,Jeffrey,Smith,junior,92217
aae3bfea055532c57fb453ed3ec80b30,9271,santo andre,SP,Amy,Harper,junior,75561
866558b3bccef2dbc6d29a2b5995016f,86706,arapongas,PR,Latasha,Rodriguez,junior,109177
cb5df0dcb9e280b1780e9d589889f2c7,15115,bady bassitt,SP,Daniel,Edwards,junior,59762
9bcdfa7b615b3abb9461d9e3ad9886ae,89053,blumenau,SC,Angela,Sparks,senior,78485
271c58a1d139c45eaf3316107c6d3a3b,3632,sao paulo,SP,Troy,Allen,top management,66356
2dee2ce60de9709b1a24083217181a1f,78552,sinop,MT,Mike,Huff,junior,108895
a154d7316f158bb42e6fa18bbe3afd3a,3804,sao paulo,SP,Jose,Jones,junior,89282
f84fa566034f5e8e880a07ec624c56af,13330,indaiatuba,SP,Melissa,Valdez,junior,89188
4c1c7281388a33dd06daac44f9fadbd1,17510,marilia,SP,Bryan,Taylor,senior,77279
2063dd1b9f568df1c16741ea7d3e6adb,85065,guarapuava,PR,Jennifer,Cole,junior,72409
9cea4682e16655f7da87f406902e989e,83707,araucaria,PR,Karen,Smith,top management,99950
b1ac6ea7895bc3dd6f0f6f4abbdd2821,92030,canoas,RS,Samantha,Smith,manager,114846
851773c885feb5e2da3b4f82bc2b17ce,18683,lencois paulista,SP,Nancy,Roberts,top management,123788
0ff83046c3fa22efee8ecf291888b191,95110,caxias do sul,RS,Sharon,Christensen,junior,115807
2b2fed75b8e5ea3a052fc4c0825da485,36015,juiz de fora,MG,Diana,Bradley,junior,74311
9f50216bfd01913736a55a11b55ea842,12020,taubate,SP,Scott,Matthews,top management,105208
2d518637f53161b973e01f56ea4bb88e,2992,sao paulo,SP,Tracy,Nguyen,senior,108325
aafe36600ce604f205b86b5084d3d767,88115,sao jose,SC,Maria,Garcia,junior,65899
efff9341f3f8f5237b44ff67ed36a7bf,29090,vitoria,ES,John,Brown,manager,126161
a7d0f8dd44f57ef6de7f7f02e3d82630,3225,sao paulo,SP,Mark,Cross,senior,63574
5b07547f10dd980738a1a27f685af669,7013,guarulhos,SP,Dawn,Hayes,manager,62153
a99504ac23ed125aaf5302af6cc30af9,14300,batatais,SP,Erik,Williams,junior,78081
5882820ef11c4c068eea0677a7a879b4,95082,caxias do sul,RS,Emily,Lambert,senior,95477
7357b52d27cbaa90f81a96cbc1279396,33400,lagoa santa,MG,Michael,Hill,senior,54380
180c3376aff0e43dd5788709df48a843,9911,sao paulo,SP,William,Manning,manager,96937
b4b447d715f9ab302a188fb43d3e96b3,4711,sao paulo,SP,Theresa,Cline,top management,76997
5e25c632f9db6cfb8bc100421c2737b6,89801,chapeco,SC,Ryan,Martinez,manager,88488
f4c4daa86e30c7e5a553a8d518ac03a5,85801,cascavel,PR,Matthew,Lopez,senior,95329
398cb257329ef7af7f1943a8974a3cbc,40285,salvador,BA,Michele,Campbell,top management,128368
4003520d80d0bad1d5623f7aa3c63cda,20520,rio de janeiro,RJ,Dennis,Roy,top management,86530
3289d8c3eef4873f91ce0b1343c0dd58,11701,praia grande,SP,Anthony,Gallegos,junior,75053
b0f2a6122a90a93eb03e68653dd960e3,80710,curitiba,PR,Allison,Fry,top management,78482
6c1b6d0c604b776f844125f911eb7377,5051,sao paulo,SP,Philip,Wong,senior,78945
c4af86330efa7a2620772227d2d670c9,8840,mogi das cruzes,SP,Lonnie,Salazar,junior,118282
a888faf2d1baececa6baf9c3d603ee1f,87502,umuarama,PR,Sarah,Romero,junior,127889
681fce914360217db47784ae28905a96,83709,araucaria,PR,Kristen,Parker,manager,76478
31be790e64fc99f8ff48ec2bd18a3104,9690,sao bernardo do campo,SP,Shane,Grimes,junior,67619
7b3447b497e55af8c15fc7bd89d7b81a,8225,sao paulo,SP,Crystal,Stokes,top management,107732
e560e4022d8f7aebf155db95946c5c0f,31110,belo horizonte,MG,Suzanne,Moore,manager,99017
2f9b7ce230a057a98a9f5df5893ee36c,6460,barueri,SP,Ronald,Webb,senior,90833
41b39e28db005d9731d9d485a83b4c38,9220,santo andre,SP,Leslie,Stevens,senior,53523
809413606dbfe5deefd2db646693ef67,4602,sao paulo,SP,Timothy,White,top management,124959
609e1a9a6c2539919b8205cf7c4e6ff0,88359,brusque,SC,Robert,Brown,manager,127554
c3e2398fcc7e581cda2e546557bf6968,4781,sao paulo,SP,David,Brown,manager,85061
740205fedfe4e90ca6857bc77db0f2b4,95055,caxias do sul,SP,Julie,Murray,manager,74300
c79151301b9d90985d1fa52879213105,87083,maringa,PR,David,Romero,junior,84933
3e46a38ee171c503c3b4a3f23fe3bf0c,18040,sorocaba,SP,Jonathan,Paul,junior,118217
3d4b1ae7539303b5704493798893e82c,3244,sao paulo,SP,Nicole,Roman,top management,71153
bdf0d02d36a1d839d0c39c4a887cdd49,16200,birigui,SP,Michael,Williams,top management,107169
65a7c0788e4d632ccb5e1b594b87f0bb,5782,sao paulo,SP,Gabriella,Torres,senior,129948
d7f1cfc638473be93baedbfd02208016,26112,belford roxo,RJ,Robert,Smith,manager,73802
001cca7ae9ae17fb1caed9dfb1094831,29156,cariacica,ES,Meredith,Barron,senior,68600
7f35f9daf223da737b78738fbae4d977,13272,valinhos,SP,Kenneth,Sutton,manager,67514
2eb70248d66e0e3ef83659f71b244378,13101,campinas,SP,Christopher,Cross,junior,89604
6061155addc1e54b4cfb51c1c2a32ad8,13043,campinas,SP,Kristen,Williams,junior,65968
8b87cd0d43d49b9bdf40f56229364d59,4111,sao paulo,SP,Heather,Rivera,top management,126676
52a50b42accf164f9f019941e5759d9b,13820,monte alegre do sul,SP,Jennifer,Wallace,junior,88989
c6bda72e4dbf5c5866b13cb1810c6d03,3087,sao paulo,SP,Steven,Ruiz,manager,83439
270572bb714b00531be85e16e1550f26,9370,maua,SP,Ryan,Smith,top management,83454
16bdc8cefd0e32a6f0824d296c5ad14a,12903,sp,SP,Angela,Bridges,senior,53811
4a82c4af97ffc0fb2dc26bfdc03b1842,35590,lagoa da prata,MG,Timothy,Rojas,top management,109473
3985a3c45be355a4c57fde108bfabd1c,95690,rolante,RS,Garrett,Silva,senior,112136
07e8e8fc5222bb358e6f259da3197074,4216,sao paulo,SP,Michaela,Jones,senior,97125
cd06602b43d8800bd0afad514919d35c,4119,sao paulo,SP,Taylor,Medina,manager,105318
8f0fbe2cd4d472157dc1cdef6edecaa9,2755,sao paulo,SP,Gina,Branch,manager,123356
f44b6f775a2b390380e0e30b5c9d3eee,3057,sao paulo,SP,Madison,Jimenez,top management,66901
365e4bce19bda0082c3d15d83fdb8bcd,9570,sao caetano do sul,SP,Mary,Kelly,junior,121723
2e0dba2da448400b1c11d7b4b22f32a4,9070,santo andre,SP,Allison,Lewis,junior,79940
e882b2a25a10b9c057cc49695f222c19,25963,teresopolis,RJ,Glenda,Adams,senior,125676
734def04b237117a09321dd6d8f3f2a2,13604,araras,SP,Joshua,Green,senior,74840
28c7d8743fbc8679f484868cc0fcaefb,18480,itaporanga,SP,Laura,Hart,junior,102821
9baf5cb77970f539089d09a38bcec5c3,13330,indaiatuba,SP,Angela,Johnson,junior,86878
e3dd723429d1b23614b7fa85e2c7a853,9810,sao bernardo do campo,SP,Christopher,Townsend,senior,119956
f4a04f7be452aa3bb31760bf00055dd0,9010,santo andre,SP,James,Jones,senior,110924
dbc22125167c298ef99da25668e1011f,37564,borda da mata,MG,Marcus,Wells,top management,54037
bc302730ea8cf49b5c74f579febb5bbf,13015,campinas,SP,Melissa,Smith,manager,73106
e64ddbe1cbcf4f2fc3092b7c481f3f9d,3513,sao paulo,SP,Antonio,Parsons,top management,97273
56e361f411e38dcef17cdc2a3d99628b,7113,guarulhos,SP,Russell,Wilson,manager,118716
048c2757535328e0d7dac690ad3c0aae,14406,franca,SP,Christopher,Freeman,top management,52034
bdb3edbaee43a761e2d4f258dc08f348,18680,lencois paulista,SP,Joan,Hernandez,manager,116942
b127efdabeffb5d559349c7b172eb75d,4308,sao paulo,SP,Amanda,Nguyen,top management,93907
951e8cef368f09bb3f3d03c00ca4702c,14940,ibitinga,SP,Stephanie,Torres,top management,76455
33d677f27a69b84051204ee4ae76eaca,89218,joinville,SC,Curtis,Cole,senior,94130
b88e7c57cb2d8b973b7dd4a2bfa14b36,81350,curitiba,PR,Brian,Fischer,senior,108082
1967a9e2ad6f51802b093147d861df58,1209,sao paulo,SP,Pamela,Baker,top management,57270
9da15f4a4ea758d9eeb49000dbe57e22,6290,osasco,SP,Alexandra,Bell,manager,82798
d91fb3b7d041e83b64a00a3edfb37e4f,11704,praia grande,SP,Amy,Lloyd,top management,100425
749e7cdabbaf72f16677859e27874ba5,7122,guarulhos,SP,Nathan,Clark,junior,79230
3d5d0dc7073a299e31fa718ce1bc00b6,22785,rio de janeiro,RJ,Vanessa,Waller,senior,103634
688756f717c462a206ad854c5027a64a,7094,guarulhos,SP,Johnathan,Copeland,top management,122245
56a8b450e802502ba53a9885ee38e29f,9895,sao bernardo do campo,SP,Brenda,Williams,manager,92189
9b00ed88b7fdb95d6ff76e27c1b52d16,8215,sao paulo,SP,Melissa,Atkinson,manager,87676
4be6b962d83299498bae2190f95d6566,13561,sao carlos,SP,Denise,Wiggins,senior,124122
c13fb473e7cb8b83ccd543c094df0608,5319,sao paulo,SP,Anthony,Hobbs,junior,126360
17998cf586426bf0f2c3726cb0a4b211,30710,belo horizonte,MG,Erin,Johnson,junior,51530
c88f62b4c386a59281014d677864d016,86707,arapongas,PR,Logan,Chapman,junior,122543
c864036feaab8c1659f65ea4faebe1da,83605,campo largo,PR,Nicole,Wolfe,senior,93123
8d899e15a5925f097cca50faa49b15e3,18131,sao roque,SP,Benjamin,Armstrong,top management,75734
79565f7d5603b24ddf07ade262547f2f,14804,araraquara,SP,Olivia,Baker,senior,93421
ba143b05f0110f0dc71ad71b4466ce92,2274,sao paulo,SP,Donna,Brown,senior,74751
4e0d109ccfba9a1151c103049880c857,25550,sao joao de meriti,RJ,Devin,Garcia,junior,59137
89dda63a3c907c468ec88c310ed91213,9380,maua/sao paulo,SP,Stephanie,Jones,junior,114718
c522be04e020c1e7b79f3acff36513d5,6501,santana de parnaiba,SP,Andrea,Johnson,manager,112905
5f5b43b2bffa8656e4bc6efeb13cc649,4880,sao paulo,SP,Laura,Wang,manager,113140
87f3e35268860433e13d577825aada95,12955,bom jesus dos perdoes,SP,Annette,Burgess,senior,97294
c5e60e39c0f42b8e827daa13cff74afa,3449,sao paulo,SP,Holly,Roman,top management,124394
bca9230d3bbb4efa51872bf605a2f1ad,4296,sao paulo,SP,John,Wilkins,senior,122328
4bc3d93e4a5f88a598d3d8ce4ae510b3,4564,sao paulo,SP,Lisa,King,manager,70602
6e864f5c4669eff3d98140a07cc50202,5639,sao paulo,SP,Anthony,Carpenter,manager,92126
7bcd7c5f8631701474db233ccf1c094b,2047,sao paulo,SP,Juan,Grant,manager,84707
8b2d4ab22f42c5cfc338b846decfda60,83820,fazenda rio grande,PR,Jennifer,Stewart,manager,113633
d9bd94811c3338dceb4181f3dbc0c73e,4186,sao paulo,SP,Martha,Johnson,junior,77125
e70053bf73d1b5863932e53a9fa47496,5059,sao paulo,SP,Lisa,Garcia,junior,89089
dbd66278cbfe1aa1000f90a217ca4695,5588,sao paulo,SP,Curtis,Thompson,senior,117057
e7d5b006eb624f13074497221eb37807,9291,santo andre,SP,Amanda,Martinez,top management,80195
6c9875b2f94ba781186f0c1aed8d1687,17380,brotas,SP,Donald,Evans,top management,100635
d63f306de130e0391d38a792541723b8,3236,sao paulo,SP,William,Horton,junior,80791
2f74af7a0ee5636f12c2336f9fffed47,2376,sao paulo,SP,Angela,Johnson,senior,90989
c7fdb77fdbff3c41981bc52f787e959e,9111,santo andre,SP,Juan,Brown,top management,92685
04fdea0c111866e6cf812f1570d6b5bd,8411,sao paulo,SP,Rachel,Johnson,junior,55148
63b464dbf392c7b80d12d932fa7cafed,2034,sao paulo,SP,Matthew,Moss,manager,65596
747c1cdcd1737dcfbd1547f6eb6f2cf3,14940,ibitinga,SP,Jacqueline,Smith,top management,89263
2b402d5dc42554061f8ea98d1916f148,44900,irece,BA,Regina,Smith,senior,122419
9c068d10aca38e85c50202e17b4a7e88,79400,coxim,MS,Dana,Trevino,manager,101332
7c67e1448b00f6e969d365cea6b010ab,8577,itaquaquecetuba,SP,Veronica,Bradley,senior,82551
9ef932e837d8b7f392c0bfee9d359dc2,14940,ibitinga,SP,George,Roy,manager,108724
d8bf0fc082fd4a77fc2e5679b6c00133,3184,sao paulo,SP,Elizabeth,Wilson,junior,83049
66dc1b1632bd6a3e508510c5b3492107,17210,jau,SP,Natasha,Williams,manager,70595
a7ecf689b40a44361e259b28939023e4,29102,vila velha,ES,Susan,Brown,top management,126539
939e6227d6964a11a70aa91243e418f2,36408,conselheiro lafaiete,MG,Keith,Alvarado,senior,124206
db1f0f7c7e5e87f40b62226f020bb297,83322,pinhais,PR,Anna,Smith,senior,55503
91f0eec23d4a61d7d7caeefa3f0ad1ca,88704,tubarao,SC,David,Campbell,senior,124444
edf3fabebcc20f7463cc9c53da932ea8,8320,sao paulo,SP,Lisa,Edwards,junior,88788
b335c59ab742f751a85db9c411a86739,38442,araguari,MG,Elizabeth,Stone,senior,121399
c24173065483e421f9e5e7f599de101d,3548,sao paulo,SP,Catherine,Garner,manager,89431
01fdefa7697d26ad920e9e0346d4bd1b,86050,londrina,PR,Jack,Foley,junior,116760
d9e8c084b68fe958861d8f2c21202e6b,5528,sao paulo,SP,Linda,Sharp,manager,69262
466222e777149751370e7e98fb623b0c,20931,rio de janeiro,RJ,David,King,manager,78309
43f8c9950d11ecd03a0304a49e010da6,6341,carapicuiba,SP,Brian,Trevino,manager,52175
4450bd8327d471c4a11a83d1445b1b62,6714,cotia,SP,Jennifer,Miller,senior,111244
257e61d3251fb5efb9daadddbc2cf7ca,86804,apucarana,PR,Katrina,Harris,senior,60033
5d76d80a2f5f39c891b996a1bf4c9853,5727,sao paulo,SP,Tracy,Anthony,manager,62544
e5def42655b7490edac5a56fe8e9e603,13900,amparo,SP,David,Sanders,top management,73181
091065b789659bc3cd9af9cb3a6253ff,92120,canoas,RS,David,Vasquez,manager,84255
c74f14c1e26cf1bd5bd34b6a1e274426,89900,sao miguel do oeste,SC,Lindsey,Knight,junior,68641
c26a2be5b53b7db6b276280da212a779,28630,nova friburgo,RJ,Charles,Little,top management,100560
cfa5ab0e4d3fc212fd0b3410e7081c62,36500,uba,MG,Charles,Perez,junior,102689
19d62d484cba71963c93f0f00ab42013,89114,gaspar,SC,Courtney,Sanders,junior,88044
6750d71153f00fc58829af2a8ef1bcf1,28800,rio bonito,RJ,Jesus,Miller,junior,111652
c60b801f2d52c7f7f91de00870882a75,7174,guarulhos,SP,Bruce,Griffin,senior,59773
b57e8460909fa137df7951b4a3b5ea84,90640,porto alegre,RS,Deanna,Johnson,top management,86696
eeb6de78f79159600292e314a77cbd18,88501,lages,SC,Jennifer,Thomas,top management,99383
abe021b01ba992245271b9aa422032df,80420,curitiba,PR,Brett,Bennett,manager,86197
5305693ffae2d3463377b1f6fe67b15a,16300,penapolis,SP,Henry,Webb,junior,105152
f049a72cf58fd31b11f8919cade515e7,1023,sao paulo,SP,Justin,Thomas,junior,65942
e51f22821f0c12a16ad5c020cdcd55e9,6341,carapicuiba,SP,Jennifer,Anderson,senior,82427
a2a41aedb70551d4a85aa04dc2fced48,4447,sao paulo,SP,Travis,Morales,senior,111234
4bf2f4ee540798a61f9636d12cd9cc80,19814,assis,SP,Crystal,Gonzales,junior,68761
c0e0b73d039eb9a99b6ce4cb7a429cd3,89170,laurentino,SC,Zachary,Shepherd,top management,113226
19484c79cef6c062cb177aa4ef2fcc3c,13275,valinhos,SP,Lisa,Baxter,manager,71491
25e6ffe976bd75618accfe16cefcbd0d,5503,sao paulo,SP,Mary,Meyer,manager,78432
9dda5bbacd45e18d6485fee649205d09,37540,santa rita do sapucai,MG,Ricardo,Lewis,manager,92795
2528744c5ef5d955adc318720a94d2e7,13202,jundiai,SP,Stephanie,Lopez,junior,129700
b8d890108a7a80e4f5d59eea9f362438,81110,curitiba,PR,Tara,Anderson,manager,52467
2c9005d8043aff18b8557ffb7b13cda4,29304,cachoeiro de itapemirim,ES,Heather,Williamson,senior,90473
062c325cd6a2b87845fab56b4ec2eeae,8150,sao paulo,SP,David,Frey,senior,52988
1d8dbc4f32378d715c717c1c1fc57bae,86706,arapongas,PR,Nicholas,Brown,junior,123574
fc906263ca5083d09dce42fe02247800,31030,belo horizonte,MG,Susan,Reed,junior,86649
1d2732ef8321502ee8488e8bed1ab8cd,20031,rio de janeiro,RJ,Sharon,Clark,top management,103051
626ab1cd96932367f0eeec2e47046c12,5048,sao paulo,SP,Kaylee,Davis,top management,63818
a70e9066dbfd10b6b97a3f54a1356762,86975,mandaguari,PR,Bethany,Wolfe,manager,72387
ce69a8021d18961dd2a40269b7c2c293,81070,curitiba,PR,Michael,Stanton,senior,80907
9596c870880d900012f2e8e6e30d06d7,37074,varginha,MG,Alexandra,Howard,senior,61672
4b98b0428fc1932cc2514ef9ce2505e6,6795,taboao da serra,SP,Kevin,Hernandez,senior,112039
1da366cade6d8276e7d8beea7af5d4bf,36500,uba,MG,Juan,Cox,manager,95597
a3082f442524a1be452e3189e003b361,81560,curitiba,SP,Scott,Nelson,manager,56633
a56a8043ebf66e42119618fb8cf232c6,89219,joinville,SC,Jill,Thomas,top management,113736
184725737946a1a938bbbd1a9e978103,9370,maua,SP,Patrick,Rivera,top management,116580
3820c6537b3853be1a0687d5a60807ec,6717,cotia,SP,Julie,Arnold,senior,121975
244b04680fdbded0acf5aebd9c92b44a,13211,jundiai,SP,David,Martin,junior,109688
e96498ed8daaa3e9c23f7a62da76591c,5373,sao paulo,SP,Jack,Brown,top management,52665
5741dc2bf5044c34d0698681c5081bed,12226,sao jose dos campos,SP,Tyler,Salinas,junior,117821
ad781527c93d00d89a11eecd9dcad7c1,15015,sao jose do rio preto,SP,Rachel,Conway,junior,126114
b5e3e38609125694d2ea2417522a60b7,88020,florianopolis,SC,Eric,Smith,senior,97976
bacb1f0ed56ad24198f5810d2b3fe9a5,12328,jacarei,SP,Anthony,Macias,manager,117787
980640c45d7a4635885491d077167e4d,13501,rio claro,SP,Mike,Harmon,junior,113375
ae45ad30c2d2e5913094769690a239d2,14405,franca,SP,Stephen,Spears,top management,82020
2cb98e27ce1c18abdb42209b34c382a7,14085,ribeirao preto,SP,Karen,Harris,manager,82978
2156f2671501a81034d7d07f217609d0,4776,sp,SP,Monica,Krueger,manager,63998
de0c78824586e9a5f5f04fd84e25df39,6730,vargem grande paulista,SP,Nancy,Harris,manager,89850
128639473a139ac0f3e5f5ade55873a5,87050,maringa,PR,Dominic,Conner,top management,108151
0791d9fc1e30678ecf03d3e55fa108d3,30775,belo horizonte,MG,Brianna,Welch,top management,52515
7a241947449cc45dbfda4f9d0798d9d0,37590,jacutinga,MG,Lisa,Meyer,senior,85594
cfd7ddab722b902f7ac5b5f3ba6d723d,32372,contagem,MG,Dennis,Swanson,junior,94392
0e72c1a751b496722a6cb1f10653b62a,6280,sao paulo,SP,Kelly,Young,junior,79699
7e1fb0a3ebfb01ffb3a7dae98bf3238d,14403,franca,SP,Tara,Carter,senior,93361
376a891762bbdecbc02b4b6adec3fdda,74323,goiania,GO,Julie,Lucas,manager,50628
90b36c5aeb728d5504a39f435bef0c5f,13835,conchal,SP,Daniel,Grant,manager,117692
e76ecc7e9a1a1e3c6df9d2a8261c423d,30140,belo horizonte,MG,Sean,Zamora,junior,73028
1dfe5347016252a7884b694d4f10f5c4,14940,ibitinga,SP,Carol,Randall,senior,106581
528bcf6680c36dddf07620bd35b33a6f,3178,sao paulo,SP,Cameron,Jones,junior,125318
f114dca2828bf718548db175ebe2cfcd,86192,cambe,PR,George,Kelly,junior,111159
33dd941c27854f7625b968cc6195a552,29107,vila velha,ES,Anthony,Pierce,junior,86975
579891617139df7d8671d373f0669622,20061,rio de janeiro,RJ,Charles,Jimenez,senior,79059
48985c61529077fa4f1e38bcff0f2ed3,90020,porto alegre,RS,Roy,Norris,top management,126894
25c5c91f63607446a97b143d2d535d31,35680,itauna,MG,Christopher,Jackson,manager,57724
f205b1a3ca9a34e0f8a228bae6e4c7b3,94965,cachoeirinha,RS,Jeff,Ramos,top management,65893
d2374cbcbb3ca4ab1086534108cc3ab7,14940,ibitinga,SP,Justin,Gray,senior,63043
ef728fa1f17436c91ed1ccd03dcf9631,17201,jau,SP,Phyllis,Williams,manager,118488
1eade46fba20122dc4aefb379f8c636b,2066,sao paulo,SP,Scott,Meyer,top management,127782
b9de031b671cd48b28fae9d828cbf2b4,4283,sao paulo,SP,Sarah,Thomas,manager,85570
6f835fd4be26989b1b064399da346143,81280,curitiba,PR,Pamela,Scott,junior,59193
c9a06ece156bb057372c68718ec8909b,73020,brasilia,DF,Kevin,Kelly,junior,71535
6b2612338467c08c9b25f0cc55b1578d,86990,marialva,PR,Kevin,Williams,senior,57929
40d54b51e962dbe09cabbcfd33298dee,9230,santo andre,SP,Amanda,Hunter,manager,107327
70c27847eca8195c983ed7e798c56743,20930,rio de janeiro,RJ,Melissa,Brock,top management,87343
b98b715fe9e276204e2a3464f48cd796,3827,sao paulo,SP,Makayla,Jones,junior,97217
0b1ca3ef18a63d7eb0c8897fa0849c08,18131,sao roque,SP,Carol,Smith,top management,61568
37ceb404da208418c9032f0674e57804,4615,sao paulo,SP,Daniel,Davis,junior,89500
05d2173d43ea568aa0540eba70d2ca76,37135,alfenas,MG,John,Harris,top management,128247
661ad5fcc28cdfb8bcadb12bb2272475,88330,balneario camboriu,SC,Sherry,Sharp,senior,84451
999f6d9a1c7c81f43be44c6b7d076210,5269,sao paulo,SP,Timothy,Phillips,top management,74782
101a3a003516bc11253298b2fad3cb65,13503,rio claro,SP,Henry,Ponce,junior,50444
b839e41795b7f3ad94cc2014a52f6796,9541,sao caetano do sul,SP,Jose,Lowe,top management,58887
a20d8058c866dbaeca014d2cd20ac62e,12209,sao jose dos campos,SP,Jason,Howell,junior,123828
6824a69c9ea0313eba299dd4a2dba09a,35570,formiga,MG,Michael,Austin,top management,75714
058cb5aeb36d7c0fcae20fc85d5e0a59,21635,rio de janeiro,RJ,Kayla,Gilmore,senior,61183
48efc9d94a9834137efd9ea76b065a38,81130,curitiba,PR,Mark,Fletcher,junior,61594
218f991754f360af9c2daa5e0b8e990c,1123,sao paulo,SP,Kathryn,Griffith,manager,116636
5dc4bdaf869e8c77c648078cbe8d59c2,88035,florianopolis,SC,Lisa,Alexander,junior,120484
9261d76c62caaf0b24677c2ceb7f8f20,88138,palhoca,SC,Dustin,Miller,senior,100245
a3b0df0065e264a91b7bbf5f844af5cd,9721,sao bernardo do capo,SP,David,Smith,junior,64608
37dd29b36c458d82f74a953c40c43645,13480,limeira,SP,Monique,Collins,junior,72698
077c5fae4bea9500e3737b16f71b9d3a,18052,sorocaba,SP,Sherri,Baker,top management,70566
0dd184061fb0eaa7ca37932c68ab91c5,7031,guarulhos,SP,Richard,Thompson,junior,80866
5b35136197710e16ac5e7b7c2bd4ea85,22640,rio de janeiro,RJ,Kathleen,Wright,junior,67402
60562ab00b8054280520d390c8c0045c,4809,sao paulo,SP,Jeremy,Brown,junior,101992
1d29dfba02015238dfbe2449a5eaa361,36576,vicosa,MG,Elizabeth,Thompson,senior,73406
ad273c9eb54ecb4532de4bf75bae9e4e,80420,curitiba,PR,Jon,Larson,manager,107320
7813ea3ebd9411dc600b4dd01f7a97b9,6018,osasco,SP,Amber,Edwards,junior,114141
559d56f3b8f0bc2e5a9a62fe2ce2a39f,89220,joinville,SC,Angela,Wilson,top management,69608
57df9869a600bd6b7c405f2a862eccfb,37540,santa rita do sapucai,MG,Mary,Martin,manager,98510
777a0c55737f34ffeb78010f7542ab41,1541,sao paulo,SP,James,Sanchez,senior,111449
2aa3443d7bf9d9bb11133f420d75e083,22713,rio de janeiro,RJ,Wayne,Kidd,junior,85760
c3867b4666c7d76867627c2f7fb22e21,14580,guara,SP,Aaron,Lee,junior,80163
0bae85eb84b9fb3bd773911e89288d54,88301,itajai,SP,Michael,Smith,top management,58990
35fb511489d9ee3ee27a76debce9df06,86061,londrina,PR,Ashley,Shaw,senior,129446
df91910b6a03bb2e3358fa6a35e32f6f,9560,sao paulo,SP,Sarah,Foster,manager,108627
7e3dde9ffba72d5340f9aaf09b4424be,86185,cambe,PR,Rebecca,Kaiser,top management,51847
dbdd0ec73a4817971d962698f2fea022,60710,fortaleza,CE,Christopher,Decker,top management,108024
8ff38bc3969e67c36c48343a07090f66,8260,sao paulo,SP,Emily,Collins,manager,58151
6e1862e15f33d9994bc25922a85e1efc,13505,rio claro,SP,Jenna,Manning,manager,97741
058fd0aa2bfdb2274e05e1ae971dabb6,9020,santo andre,SP,Ryan,Martin,junior,54811
f615fe7efbef0f4f08fd3086bc7a3e60,12940,atibaia,SP,Bianca,Deleon,senior,117650
aa1eb17b9fdf6dfd546e25c45c7b9235,4794,sao paulo,SP,Morgan,Ayala,senior,114350
07bf9669d84d1f11be443a9dd938f698,4761,sao paulo,SP,Angela,Garcia,manager,125243
08633c14ef2db992c11f840f04fad4cd,9416,ribeirao pires,SP,Maria,May,junior,97290
b0398568231ba5e6734af1881671a317,29704,colatina,ES,Mark,Oneal,top management,52332
f419677537694f0462a91990df6ca44f,9750,sao bernardo do campo,SP,Jody,Perez,senior,61776
e88c9b79e592e370d6bd852eeefbf057,85501,pato branco,PR,Angela,Ellis,junior,118922
70bf57d811208f8923b41bbd499a67a4,7866,franco da rocha,SP,Steven,Avila,top management,102425
8c0de775f52fe41590b376a3b7c50f68,13178,sumare,SP,Leslie,Cooke,junior,87392
7a91bf945c6fae0779f1c61ce97fe45c,26562,mesquita,RJ,Dillon,Frazier,top management,69444
6dc9bec584588412a6a338830946a3e4,3270,sao paulo,SP,Alexandra,Perez,senior,78164
b19c48688808720822399ffa9f2dbe2f,4801,sao paulo,SP,David,Grant,top management,105092
5b8154610ebb21fb90eb587365e673df,12246,sao jose dos campos,SP,Tanner,Michael,manager,113184
bb2afe2061d53c6968aa0cffa233a8ec,4307,sao paulo,SP,Amy,Munoz,manager,95032
1cbdc7cf130a41fd13a3c2a7d2fcfda7,37480,lambari,MG,Tamara,Parker,manager,108352
fb89df7f89fd1b8f03fa2acca1ba7364,85853,foz do iguacu,PR,Nicholas,Reed,manager,72025
b18871c324516afa228a13e8f1ef0ae9,4186,sao paulo,SP,Shawn,Sanchez,manager,102959
17ca9b9e9b9ef8fdb529001b49ebb50f,32677,betim,MG,Jennifer,Mckay,senior,88868
3f0e48d209018b466fcd3bb4ccfeb520,80215,curitiba,PR,Rebecca,Rogers,manager,58030
9add47bf45ce8e8c7db6b9cf670b1e09,83830,fazenda rio grande,PR,Richard,Vega,manager,91319
acce39e832338debb07b02385cde5967,32110,contagem,MG,Kevin,Perry,senior,85490
397c4d0c005b6f41f90098ac724e28cb,9182,santo andre,SP,Pamela,Chandler,junior,96903
b2c97074649f92197d9387d9033dda5f,18604,botucatu,SP,Leslie,Franklin,junior,59378
f262cbc1c910c83959f849465454ddd3,3564,sao paulo,SP,Sonya,Fitzgerald,manager,111681
c113b8df1fc375bc3d73d29c1b1144d1,8021,sao paulo,SP,Deborah,Anderson,junior,110546
bd65d163ded559eb90a10cd09fec178f,3526,sao paulo,SP,Terry,Moss,top management,61514
720e6cf846ea7572cbb66b743fb91e6c,8717,mogi das cruzes / sp,SP,Melanie,Nicholson,junior,55645
8f580d36c1e9d6fbce95283403c7d447,14090,ribeirao preto,SP,Maria,Johnson,manager,97391
be7a093e5b4d147b36b72bb1f9e415e5,85900,toledo,PR,Johnny,Berry,top management,99206
cb4a705d00e100b9732d0ca34817d441,88032,florianopolis,SC,Eric,Benson,junior,76462
f266295f49a28eee21f413e0cbb0521d,84020,ponta grossa,PR,Dean,Cortez,junior,52737
31eec405c9bb71dec8e2629a92e764fa,29300,cachoeiro de itapemirim,ES,Shawn,Johnson,manager,74670
6235903333ba7de1928c869e268e5964,89650,treze tilias,SC,Angela,Wood,junior,69021
c360e4787614ed31ac7a2f95d3b22dc6,18681,lencois paulista,SP,Bradley,Nelson,senior,117520
1e47d8b6546eb3a77b1acddcc9406242,13015,campinas,SP,Beth,English,senior,79524
cf1313c6e2c01c2f4b014f97db4bcd2b,22050,rio de janeiro \rio de janeiro,RJ,Courtney,Fisher,top management,105461
14ee35374a7876217954b5fa08e50463,15015,sao jose do rio preto,SP,Donald,Mahoney,senior,62810
8fe8786ee000001ab51d030dfd4a7bf1,88490,paulo lopes,SC,Madison,Ward,senior,99111
e72b4feb7abe210c52aa667abc25a3a2,3122,sao paulo,SP,Elizabeth,Alexander,junior,69494
373ee4a3a775a733770ca3f790b8b9ac,22793,rio de janeiro,RJ,Amanda,Stevenson,top management,109126
432c37c9dfba871172ec162e20118b8c,70235,brasilia,DF,Michael,Lopez,manager,115122
daf565f087a52def0fd5c5825b3661bc,88350,brusque,SC,Brandi,Jones,senior,54769
ea3ebea5317b0efbc663ecc8ce5e9bc2,88036,florianopolis,SC,Nicholas,Hull,senior,103365
1fe61aa5494bd3ae92a2c13e067c810f,89540,santa cecilia,SC,Amanda,Anderson,top management,119343
e9511df20ccd82658a30c37b7fb343af,17026,bauru,SP,William,Walker,senior,61550
4c8545742faaf58fafd5fd14d25d75cf,15603,fernandopolis,SP,Daniel,Anderson,senior,128379
27a56ff04b34c2ba34ce6ba4d3b9d616,13033,campinas,SP,Derek,Wheeler,top management,113071
888faa8bfb0b159c37de6d898b961c31,88750,braco do norte,SC,James,Green,senior,122117
0aa2205ca24f113f4658a5c536667426,4281,sao paulo,SP,Donald,Calderon,top management,123688
432c67955c0acd1fd6b0b5d678766a71,5571,sao paulo,SP,Lisa,Simmons,manager,61160
d8c7ba53e7e38711eaef8c2849d6d2e1,87120,floresta,PR,Kimberly,Guerra,manager,52531
8a43128d7f9a3db592b866e6861a6cce,8080,sao paulo,SP,Christopher,Wagner,top management,69698
7cb946b1ad19faebe28c3e86c2794ec3,35701,sete lagoas,MG,Eric,Schaefer,senior,93736
6338ea67c41078a46ad99cc009654956,95170,farroupilha,RS,John,Sharp,junior,71626
6c12e40690c335dbc2f68a4134d30dc1,84178,castro,PR,Brian,Underwood,senior,53221
65febd49fd28ec955651299159b1f527,3275,sao paulo,SP,Manuel,Gomez,top management,50069
9a84ba99f5367fdbd4598363496f1ea2,72801,luziania,GO,Stephen,Brown,top management,79537
954e95f20808d7e5d11f0de292d078e0,35930,joao monlevade,MG,Patrick,Hodge,manager,120813
fb503a924a0b9db19d83dd0ac6dbef8c,96020,pelotas,RS,Connie,Wolfe,top management,113915
4ba52dfeba874da5b9ee7b17c7494f04,8790,mogi das cruzes,SP,Derrick,Glover,senior,123903
5b581417df4480f632484ba681e53944,88050,florianopolis,SC,Pamela,Lee,junior,115666
d0d70d21e2234dd7cd3cf63fe414148a,58865,sao bento,PB,Mary,Tyler,manager,128851
c7c7b2682c648339a0e9846bb1023a39,12916,braganca paulista,SP,Michael,Copeland,top management,88159
06e5eefc71ec47ae763c5c6f8db7064f,91350,porto alegre,RS,Joshua,Green,manager,89500
28ea411b354f14b1a494be4e79f0ce02,5685,sao paulo,SP,Clifford,Hall,manager,117423
2a6fbeaa7ab9e5d59a35841a8da71ce4,89259,jaragua do sul,SC,Benjamin,Acosta,senior,120669
77fccaae319668a8ab6cd0fd16aec48c,28035,campos dos goytacazes,RJ,Cory,Lewis,manager,74489
3fadb4cba4c35bce6a7eaf9872d5623a,95013,caxias do sul,RS,Alexander,Bowen,top management,62170
1987cd4be10fe09ee50454f9c354d1c6,37570,ouro fino,MG,Shane,Johnson,junior,118501
aae5e7b457a3c72ee230a47d98fceda5,83040,sao jose dos pinhas,PR,Jeffrey,Adams,manager,91926
2d22fc3089eb907b29ebff50581fb472,27972,macae,RJ,Kevin,Steele,manager,92891
ff1fb4c404b2efe68b03350a8dc24122,8710,mogi das cruzes,SP,Brooke,Russell,manager,93581
817f85dbb65aa3e70831d90fe75cdf89,18530,tiete,SP,Thomas,Smith,manager,74036
2b5ed0c9139dae8883a200dfcb272ece,4087,sao paulo,SP,Amanda,Villarreal,top management,119107
86bf77bdb52e615674772d5817c6212f,94410,viamao,RS,Erin,Gutierrez,senior,83558
9b1585752613ec342d03bbab9997ec48,22745,rio de janeiro,RJ,Jessica,Perez,top management,79803
9b00cad94ef3078faf6fba2e792c158f,39442,janauba,MG,Paul,Nelson,manager,63309
6860153b69cc696d5dcfe1cdaaafcf62,13360,capivari,SP,Ronald,Ross,senior,101605
903037660cf848a717166eb7a06d616e,5734,sao paulo,SP,Leslie,Perkins,top management,70923
f08c008c8a8d31417763738a1788a2a8,85875,santa terezinha de itaipu,PR,Lauren,Smith,senior,60533
bf3c6d2a28b2b5501e6c15448982dcc9,4180,sao paulo,SP,Tara,York,manager,122273
e99e927c81e3f51739c94fcdfca9f10f,38400,uberlandia,MG,Molly,Williams,senior,76740
49cdc90518a4f82676b38b3c1aa43ff6,3031,sao paulo,SP,Albert,Haynes,senior,69383
066a6914e1ebf3ea95a216c73a986b91,85863,foz do iguacu,PR,Linda,Tran,junior,53429
3cfa1358a6caa965278721344c8d76f2,9831,sao bernardo do campo,SP,Thomas,Burgess,top management,94344
6d66611d7c44cc30ce351abc49a68421,4378,sao paulo,SP,Nancy,Lee,manager,63541
e48cc16ab70bfa09e1401740dce0b3d7,16022,aracatuba,SP,Calvin,Brewer,senior,68547
da20530872245d6cd9d2f5725613c430,95650,igrejinha,RS,Michael,Chavez,junior,129885
3d8fa2f5b647373c8620330c4e077a9f,3031,sao paulo,SP,Jackson,Perez,top management,92803
57d2ba47f7a3209aa347532ae75c1165,89287,sao bento do sul,SC,Brian,Myers,junior,93714
76d5af76d0271110f9af36c92573f765,3194,sao paulo,SP,Elizabeth,Williams,junior,86470
729f06993dac8e860d4f02d7088ca48a,13481,limeira,SP,Tamara,Scott,junior,55226
9e9b539eb2806acee3f5c28085c1db9f,32315,contagem,MG,Carrie,Kline,senior,63831
fa18c782a4866d313cadab567097f8f1,31535,belo horizonte,MG,Steven,Summers,junior,92223
b77a27b1864483e721dc831d5ba4afa0,25251,duque de caxias,RJ,Robin,Palmer,manager,129899
41c9d3997dd3c072c31139dc5bb5761f,38182,araxa,MG,David,Jones,top management,100327
700f03c207639c22d933381ff60b35c2,14784,barretos,SP,Lisa,Burton,top management,71442
762fafdaa57a532ee0119731697579dd,13311,itu,SP,Elizabeth,Davis,junior,92780
50770d25768b0486d89be26afca3108f,9271,santo andre,SP,Taylor,Lewis,junior,114159
b3b17aab11f273023a5f22ca52e1eb70,86065,londrina,PR,Stephen,Mcconnell,manager,71931
b19f3ca2ea475913750f25a5c37c8d8f,35501,divinopolis,MG,Alexander,Carroll,top management,98449
6179a28a13a726c29b3bf54c070dccab,37048,varginha,MG,Darryl,Torres,senior,76550
cc419e0650a3c5ba77189a1882b7556a,9015,santo andre,SP,John,Smith,junior,116682
0df3984f9dfb3d49ac6366acbd3bbb85,32604,betim,MG,Brenda,Cline,senior,110799
7008613ea464bad5cb9b83456e1e6a8f,89460,canoinhas,SC,Marcus,Davidson,senior,77214
7f152321c60a266edc53af1925ef96c1,88801,criciuma,SC,Crystal,Fry,senior,65619
c4fb51fb1c5b7c07bc5e67be6e7e8f6e,80060,curitiba,PR,Christine,Turner,senior,84740
52ac6f920b7280e4c6d30dd94de6259b,83321,pinhais,PR,Robert,Morgan,manager,100796
7d7d2b7a51328016102d4528c411d630,14940,ibitinga,SP,Kim,Wolfe,manager,106282
9e94fa26a70ede4d26226e918e8706a2,13570,sao carlos,SP,Jillian,Miller,senior,57537
eddd1991bd6d9309995a480c39b95137,84010,ponta grossa,PR,Emma,Nunez,senior,114128
994f04b3718c2bab35c2adfa8afecd2a,13912,jaguariuna,SP,Kathleen,Silva,top management,62393
3f3486b61f45078d4f31ee5e43d8c5bb,3035,sao paulo,SP,Heather,Bailey,junior,119624
5db42a6cd9bf1bf0d3aab9582767f168,29010,vitoria,ES,Sara,Lee,senior,53996
a06c8ff043abea0528ee44171e2140a2,35501,divinopolis,MG,Stacy,Romero,top management,80596
6b3bd31ad8fcda4b2635ec9f3ff2ecdf,22775,rio de janeiro,RJ,Jessica,Anderson,manager,52071
977f9f63dd360c2a32ece2f93ad6d306,14910,tabatinga,SP,Andre,Buchanan,manager,60779
2c43fb513632d29b3b58df74816f1b06,30421,belo horizonte,MG,Renee,Morris,manager,85825
910a922b426b7ff95eaee129ad6c0e1f,15025,sao jose do rio preto,SP,Barbara,Cobb,manager,129137
d9442042130b7fe579d1295f9f4a248f,3550,sao paulo,SP,Sara,Walsh,top management,126262
da2782c804606d2a5d8e1760dbb3e7ec,2022,sao paulo,SP,Timothy,Nicholson,junior,87158
ce248b21cb2adc36282ede306b7660e5,89251,jaragua do sul,SC,Kristin,Williams,junior,56929
5b0cc932433fa5184b5b94bfe6bcc256,14940,ibitinga,SP,Angela,Sanchez,senior,127917
7ff588a03c2aeae4fbd23f9ae64b760d,7183,guarulhos,SP,Justin,Walker,top management,85078
08cdbae123ff67ca4e36d9d641ce0119,36504,uba,MG,Christina,Johnson,top management,98703
77dcbb67ccb3659bd58eaf5661560a30,95900,lajeado,RS,Jason,Davila,top management,118447
7ad32824caee82087b3e2e5f33b1bf32,14940,ibitinga,SP,Jose,Perez,top management,59078
de722cd6dad950a92b7d4f82673f8833,51250,recife,PE,John,Weber,manager,55993
70849ca4f400aaabb62cb7462a6f1428,31210,belo horizonte,MG,Lisa,Roberts,manager,90917
b16d3dadc47d4eb18be3d88bad0775ce,93608,estancia velha,RS,Alyssa,Hall,top management,94704
5c3460cd3e8a984382ae254e7dd20d9f,15085,sao jose do rio preto,SP,David,Smith,junior,127083
22c32ec35d0116ef02c281798a25bf8b,87043,maringa,PR,Michael,Martin,top management,122391
8d46553a36e68f95350a200c12f8f2e2,13056,campinas,SP,James,Sandoval,top management,123710
45ba18c210d42734ec52c0c1c574e9ee,18130,sao roque,SP,James,Cox,junior,84229
10cdd491d1dbea8fb4ead97b19c334ce,37540,santa rita do sapucai,MG,William,Alexander,manager,78607
dc317f341ab0e22f39acbd9dbf9b4a1f,94910,cachoeirinha,RS,Carlos,Wells,junior,88971
fe9d9cf8631285d5982c6e2cf27fb114,36200,barbacena/ minas gerais,MG,Jennifer,Mcgee,manager,111277
d93844a9c55ba7ce353388bcf849ea56,82320,curitiba,PR,Kelsey,Baker,top management,110926
52b53f7061969fe471d119b6195da864,88301,itajai,SP,Linda,Adams,junior,101599
1b8356dabde1d35e17cef975c3f82730,3477,sao paulo,SP,Hannah,Stanley,top management,125739
43402bdf22aa2310e8f99e2f94f78628,9434,ribeirao pires,SP,Sandra,Johnson,junior,96144
c4b911d06343b21dd906651f8101cb49,17560,vera cruz,SP,Kristine,Robinson,manager,128423
f44bdc12aa39f5271f0b95f66cd4c289,12914,braganca paulista,SP,Abigail,Herrera,top management,81384
9bf11dfc0bec77e5a23028043c3c5a8f,32140,contagem,MG,Jared,Luna,manager,102628
13f57c12a00ed4610db646b913a7f5c6,11015,santos,SP,Jerry,Moody,top management,107980
54c04bdb5ec46762f8f08c7e8f86ed4a,88037,florianopolis,SC,Kyle,Bell,manager,51405
b5dd7151a92ccaaa282cbe9681a05f44,14020,ribeirao preto,SP,Alison,Lynch,senior,54472
447d377bdb757058acb569025ee18a93,99500,carazinho,RS,Wendy,Crane,senior,114953
52562a9f449c3dc3d53f5f5b9ed74903,59152,parnamirim,RN,Melanie,Brown,senior,88079
2a73cba571d90c694b7caca072ccf6ce,9560,sao caetano do sul,SP,Shirley,Rose,senior,118810
3d2400ac620cffa23ac81bd192f7f555,9810,sao bernardo do campo,SP,Jessica,Griffith,junior,77608
968268a686aa05d1f529fb07dff08130,1530,sao paulo,SP,Melissa,Martin,junior,114012
7c462184585ae80bd6e5774c62ce50f2,13086,campinas,SP,Tina,Delgado,manager,89084
3ea00e1dea2b0659dbaf654735929220,80020,curitiba,PR,Melissa,Rogers,junior,89285
54965bbe3e4f07ae045b90b0b8541f52,85851,foz do iguacu,PR,Sylvia,Ritter,junior,111320
4965a7002cca77301c82d3f91b82e1a9,18074,sorocaba,SP,Yvonne,Thompson,manager,50343
2d8cfba3fcd3170555941605edaa196a,6080,osasco,SP,Christian,Ellis,junior,90720
6039e27294dc75811c0d8a39069f52c0,6162,osasco,SP,Ryan,Rush,senior,64775
b45d7ebfb7378630f1bcd74b6ff86ff7,30285,belo horizonte,MG,Kaitlyn,Parker,top management,51493
e2a1ac9bf33e5549a2a4f834e70df2f8,1210,sao paulo,SP,Robin,Meza,junior,114737
bc07d855eac23aab5ac8a120f21d16b2,8710,mogi das cruzes,SP,Sydney,Brewer,junior,65135
3492e68f37fd1df87f4f2f2ea247f445,13322,salto,SP,Michele,Mccarty,senior,108032
93bef6edaa84956e8e575016449b6351,3568,sao paulo,SP,Mason,Peters,top management,52475
05ff92fedb5be47920fea08e501238b9,98803,santo angelo,RS,John,Wilson,top management,90637
68f86ba270525243e68ae74044f992b9,21941,rio de janeiro,RJ,Lauren,Mccullough,junior,50846
aeb36d67f1414f234d42a29e27cf1f17,9060,santo andre,SP,Carolyn,Kelly,top management,127665
916c9de0b5ad957346eeeb12f332687e,80240,curitiba,PR,Mary,Hunter,top management,71837
c68fb906c8f4b4b946d8386bfa6e5467,14870,jaboticabal,SP,David,Brooks,junior,73454
53d00c40e32aeb924a84ce72b1af869d,14940,ibitinga,SP,Troy,Miller,junior,53833
93dc87703c046b603023e75222018b45,30315,belo horizonte,MG,Melissa,Fernandez,top management,52680
10076e5788b8ee532724bcd460baf762,14315,batatais,SP,David,Campbell,manager,97493
804287717b9156fb7a787acd9af4fac1,87030,maringa,PR,Erin,Brown,top management,50571
4dc646b9b9e8e411ef48ba000ea3ac6f,13272,valinhos,SP,John,Gregory,top management,94136
e9c6969d40e6a3d2d0f90013165c2b98,3448,sao paulo,SP,Tracie,Holland,junior,68164
bd0a1b0aadca9a83d9304f7e8ff5fbd5,1212,sao paulo,SP,Janet,Woods,manager,82406
340636a908b13bbe0f4fb63fbe1d0c03,12240,sao jose dos campos,SP,Joshua,Peterson,junior,106000
cf654707ed6a99f112c7ec3d6f314b8b,4615,sao paulo,SP,Krista,Miller,top management,96363
01c97ebb5cdac52891c0ed1c37ba0012,15804,catanduva,SP,Thomas,Velez,senior,97646
f0b47fbbc6dee9aafe415a6e33051b3f,9360,maua,SP,Charles,Parks,junior,76014
bd149ed516d4c5d418d5781f8e18919f,7241,guarulhos,SP,Jennifer,Smith,senior,113467
3dbbce181edfaa4a597ec858c382d2ec,82515,curitiba,PR,Hannah,Hardin,senior,58712
06532f10282704ef4c69168b914b77be,87140,paincandu,PR,Elizabeth,Brown,manager,77279
1127b7f2594683f2510f1c2c834a486b,13087,campinas,SP,Tiffany,Bass,senior,108593
cd52a8efd71af3336b14b5039b951cc1,88136,palhoca,SP,Shannon,Barber,manager,73014
79ed755314cfe6df0daef2c6cd3022cd,13503,rio claro,SP,Jennifer,Thompson,senior,111325
2c9e548be18521d1c43cde1c582c6de8,8752,mogi das cruzes,SP,Norma,Smith,junior,127329
bc47d5d1490df2b36add65d733eafaba,9163,santo andre,SP,Janet,Garza,junior,65396
7caa63f175b1cecbfaadd8b5ab9998c7,2750,sao paulo,SP,Carl,Bond,senior,108542
de66a66f2dd06bb9ec37aa96987466a3,20910,rio de janeiro,RJ,Marc,Adams,top management,112606
fec6275253471ace26d209bbaa64cd0f,28605,nova friburgo,RJ,Matthew,Atkinson,top management,69242
c31eff8334d6b3047ed34bebd4d62c36,13322,salto,SP,James,Rangel,top management,118232
c87abc38c8ed3240861729e1aeadf221,5713,sao paulo,SP,Matthew,Whitaker,top management,92634
07a9bc7f61396b658ddf3ac534efe44c,2925,sao paulo,SP,John,Barnett,junior,117862
822166ed1e47908f7cfb49946d03c726,25803,tres rios,RJ,Veronica,Moore,senior,83005
a45314082d50d578a4721c9787ce09ab,15130,mirassol,SP,Cindy,Meyer,manager,72053
98e164d549402270247f3c96a1a158ef,5083,sao paulo,SP,Krista,Jacobs,top management,97869
59bbc819b99a733f02f0d6b49d1c253d,13043,campinas,SP,Meagan,Miller,junior,60691
2e3be8a987a30d7544dbbda6861cc14e,30620,belo horizonte,MG,William,Williams,senior,98715
b6c6854d4d92a5f6f46be8869da3fa1a,1042,sao paulo,SP,David,Martinez,senior,103202
f1b93673502375d491780bb49d615dbc,12228,sao jose dos campos,SP,Lisa,Brown,senior,70878
bbd3acfe6de99892e73940d3fdceaf68,9111,santo andre,SP,Sylvia,Green,manager,80812
b3f19518fcec265b2e97af287725f981,15170,tanabi,SP,James,Johnson,top management,83399
b2ba3715d723d245138f291a6fe42594,3470,sao paulo,SP,Sara,Chen,manager,129327
b410bdd36d5db7a65dcd42b7ead933b8,74645,goiania,GO,Erik,Robinson,senior,56423
31344c16881c08a8a72c6d2eb29918c1,36500,uba,MG,Zachary,Harris,manager,128558
4e42581f08e8cfc7c090f930bac4552a,13660,portoferreira,SP,Jeffrey,Lindsey,manager,51789
9a208dee8f95cfdf00760c4d627828ec,26125,belford roxo,RJ,Virginia,Moreno,junior,65255
d58d521f3789def2e7a22715e0badd93,3643,sao paulo,SP,Rachael,Davila,junior,98962
0aea4c6ae1505b3228ddf3dd7822ee5b,18080,sorocaba,SP,Robert,Graham,senior,111086
b3809b8d4394588a47c8470ea331e135,4810,sao paulo,SP,Stephanie,Hughes,junior,128732
fcb5ace8bcc92f75707dc0f01a27d269,7032,guarulhos,SP,Anthony,Robertson,top management,125944
6a0cbc8af2e8abd1bdfb777943d174c6,14312,batatais,SP,Michelle,Mcdowell,junior,82890
1b0b0f4f95e962d6f32fe90c759d0479,2737,sao paulo,SP,Pamela,Ruiz,manager,118188
70126eecc6aa1274392a1743866e9678,6449,barueri,SP,Rachael,Jones,junior,88343
cb0b3bcf14e0a709df412a99424a59d7,4255,sao paulo,SP,Christopher,Davis,manager,94942
8931a84a914b3fe9b1ddaa4d704947ca,8410,sao paulo,SP,Gary,Russo,top management,98975
7681ef142fd2c19048da7430856b5588,7074,guarulhos,SP,Tanya,Perkins,top management,117912
3771c85bac139d2344864ede5d9341e3,18087,sorocaba,SP,David,Alexander,top management,93505
7ddcbb64b5bc1ef36ca8c151f6ec77df,4403,sao paulo,SP,Stephanie,Warren,senior,91700
02b72cdeb9cfcc429f1af6f4e3f3b737,14940,ibitinga,SP,Erica,Brown,junior,76252
3481aa57cd91f9f9d3fa1fa12d9a3bf7,13360,capivari,SP,Zoe,Miller,top management,105347
a218df5c097b0ca409cfaac1488cc7f6,14806,araraquara,SP,Alexandra,Daniels,manager,68788
bd0389da23d89b726abf911cccc54596,71691,brasilia,DF,Carol,Simon,top management,106793
af3ef48d0e13835e529c29ac573c63e5,14802,araraquara,SP,Jacqueline,Cameron,senior,114124
855668e0971d4dfd7bef1b6a4133b41b,13257,itatiba,SP,Joshua,Williams,senior,89145
77e4abfd739aed9c46480f90f81c0eb4,70767,brasilia,DF,Nicole,Smith,senior,70615
bac44fa8e13424950488659b5f765c41,4534,sao paulo,SP,Derek,Williams,junior,84601
863d2ebcd347ce4922de7a0f9a5581d6,21041,rio de janeiro,RJ,Kayla,Sullivan,manager,96274
1c68394e931a64f90ea236c5ea590300,87114,sarandi,PR,Maria,Schneider,manager,97346
95b293867b5862941c9cd74f756a3c68,8223,sao paulo,SP,Felicia,Bradley,manager,71556
e62b2d6ac10570a035a30bafcf01d263,5767,sao paulo,SP,Miranda,Andrews,manager,85701
f63d8f293af3a6454377546bd9dd19ff,18110,votorantim,SP,Christopher,White,top management,123238
7a425d299613df3e613bcf9d2eaf5c49,22790,rio de janeiro,RJ,Christina,Coleman,senior,102849
6bb0724edf0b62fb91ac404873a97241,6700,cotia,SP,Jennifer,Shepherd,manager,120485
112453736dbe3889cfb74e1aaa0ba0c1,3520,sao paulo,SP,Mark,Murphy,manager,65239
f593898ec748b7a8cb81fc04edafd98a,13920,pedreira,SP,Eric,Miller,top management,59957
96f7c797de9ca20efbe14545bed63eec,14140,cravinhos,SP,Brent,Brown,top management,57242
77530e9772f57a62c906e1c21538ab82,80310,curitiba,PR,Jeffery,Drake,manager,71481
297d5eccd19fa9a83b2630071ff105e4,80710,curitiba,PR,Stephanie,Warren,manager,70327
191d55f7edb8524d525ed01b20fe32e8,73020,brasilia,DF,Colleen,Morales,junior,79687
ff69aa92bb6b1bf9b8b7a51c2ed9cf8b,8140,sao paulo,SP,Katelyn,Sellers,manager,84013
5733d806668f8712c24b9abaefbfa642,89803,chapeco,SP,Rachel,Simpson,senior,77187
65b081a070633e057c462abdd6fb9dd8,75650,morrinhos,GO,Matthew,Hughes,manager,74287
edf96ef93ed595084bbcbd9224bd2894,1545,sao paulo,SP,Amy,Martinez,top management,53258
6a8b085f816a1f75f92dbac6eb545f8f,14709,bebedouro,SP,Jonathan,Smith,senior,92681
f3295428338a40977a03f555246a70f4,29032,vitoria,ES,Katie,Williams,top management,64574
75fbb52eda0cbc24f479d3b2fbfa8d3e,74560,goiania,GO,Curtis,Myers,manager,93353
e5d4b2b0c3bca22085f7a19a28de0c42,89201,joinville,SC,Susan,Clark,top management,96533
6187a137b2af59dfdbad8d9f8c373c14,6268,osasco,SP,Lori,Houston,top management,118609
062ce95fa2ad4dfaedfc79260130565f,95913,lajeado,RS,Adrian,Hardin,senior,68128
c200c73f9d7e5a08ca439d6a0803da7c,83507,almirante tamandare,PR,Jenna,Myers,junior,54134
2ee0a0689f2f6a72f35a7cb6033f6e7e,19025,presidente prudente,SP,Alison,Gibson,junior,87867
a08692680c77d30a0b4280da5df01c5a,4719,sao paulo,SP,Meghan,Lyons,top management,67148
dd533b429f380718b70ad9922c294bae,14781,barretos,SP,Bailey,Doyle,junior,59484
582d4f8675b945722eda7c0cb61ba4c7,11250,bertioga,SP,Carolyn,Rice,manager,83095
74636e24f01da9268b0ed88dacd8513e,2941,sao paulo,SP,Marie,Clark,senior,96740
09bad886111255c5b5030314fc7f1a4a,1022,sao paulo,SP,Don,Lewis,junior,127665
94144541854e298c2d976cb893b81343,94451,viamao,RS,Suzanne,Smith,manager,98245
bf84056e679dbe9c69929847a40e338f,2537,sao paulo,SP,Donald,Pham,junior,127806
21c62b998a043ebe31161d38f84929fc,60110,fortaleza,CE,Kenneth,Stark,top management,126353
02d35243ea2e497335cd0f076b45675d,59077,natal,RN,Cassidy,Henry,senior,107052
1c129092bf23f28a5930387c980c0dfc,2972,sao paulo,SP,Leah,Larson,manager,63878
a1040efe9ff4a6f93c28b0499eada8f5,13210,jundiai,SP,Robin,Roth,top management,86708
2d9e8987a2ea5cf88dce330249043ff1,15155,jaci,SP,Amy,Harris,manager,118536
fdf736c18c589ed030e058312203e1b2,37704,pocos de caldas,MG,Lacey,Alvarez,senior,128316
e433f5fd4050e3352b5d83522b7fe24b,86702,arapongas,PR,Jessica,Murphy,senior,82411
b01c2b7b8599b325103ebcddc67413e1,95800,venancio aires,RS,Mark,Foley,top management,80735
bb5d956dece964a06c12bceb66b923ae,20930,rio de janeiro,RJ,Lisa,Sanchez,manager,108964
3afc536624bc2e65bddfb5db33cc01f3,30150,belo horizonte,MG,Kevin,Hall,junior,88533
8090490573c6c0aa343a7231ebcb8c86,4130,sao paulo - sp,SP,Sarah,Baker,manager,51427
26d6bbee02420494d471c9f6436929c0,81530,curitiba,PR,Trevor,Anderson,senior,54320
602044f2c16190c2c6e45eb35c2e21cb,14940,ibitinga,SP,Michael,Collins,junior,111283
b347677812ea483b0f528eaf8cbc09b7,82540,curitiba,PR,Lori,Graves,manager,74043
d94ba08b99bedd6a5f6c875ecc4a6fac,86800,apucarana,PR,Tamara,Rubio,junior,106577
880ce4951cf857ab1d9e0b75c1d856f4,31255,belo horizont,MG,Karen,Thompson,top management,126849
b499c00f28f4b7069ff6550af8c1348a,13481,limeira,SP,Derrick,Fisher,senior,98002
7a2d2949aea47fab95fd98d6c9f618b1,81350,curitiba,PR,Dustin,Wright,senior,75146
fad44952713764836814be105382aee5,21340,rio de janeiro,RJ,Tracy,Morris,junior,57582
f1ed6bd0a9b11b581f16c851c6a5a527,90240,porto alegre,RS,James,Morris,junior,123616
624f4ece8da4aafb77699233d480f8ef,5138,sao paulo,SP,Krista,Evans,junior,123179
95e03ca3d4146e4011985981aeb959b9,21210,rio de janeiro,RJ,Kyle,Smith,senior,76185
1771297ac436903d1dd6b0e9279aa505,7025,guarulhos,SP,Jessica,Scott,junior,78096
1d503743d2526f03f0c2c89540ee008c,1035,sao paulo,SP,Jesse,Sanchez,top management,112519
fc5a0d7a310a7a41abf86a458585ff2b,3655,sao paulo,SP,Meagan,Cisneros,senior,116640
e1bed63d68ac36fe1f3061befe196af5,13848,mogi guacu,SP,David,Gomez,manager,92030
73da1880b39c71de2b262bc7720c1494,13560,sao carlos,SP,Christine,Burke,junior,57513
df560393f3a51e74553ab94004ba5c87,87900,loanda,PR,Christopher,Zavala,senior,81365
253f95b3a0e6983ae18aed49fbc2b845,4141,sao paulo,SP,Jacob,Watson,junior,110708
834f3294fba9f932f56edc879193f925,14808,araraquara,SP,William,Anderson,senior,89658
6c177e38df6d3f34182b1f1d427231bf,80430,curitiba,PR,John,Flores,manager,77897
08d0949a9a17c027262db1f3c450c26c,85804,cascavel,PR,Christopher,Mcdaniel,senior,92192
11fb6f6d341adbe19e81733701704635,4133,sao paulo,SP,David,Flores,senior,102430
04843805947f0fc584fc1969b6e50fe7,93900,ivoti,RS,John,Jimenez,senior,62233
e3b4998c7a498169dc7bce44e6bb6277,3635,sao paulo,SP,Tammy,Castro,manager,50383
a37c340b91cb0169e8b029db6440fba2,4424,sao paulo,SP,Morgan,Moore,junior,115728
e628d4a53c109f09ca88098338b3a3f5,30170,belo horizonte,MG,David,Hansen,senior,87039
381c83fdca332ea6afd896da20bf6e4a,80010,curitiba,PR,Michelle,Johnson,senior,53785
6fd52c528dcb38be2eea044946b811f8,8180,sao paulo,SP,Peter,Kramer,junior,79258
189ca3538ce9f920cacf0f982cbe223b,3589,sao paulo,SP,David,Nunez,senior,98977
20cb7c2fde3e5bf10f0bbe7394e1c6a9,86385,andira-pr,PR,James,Garrett,senior,117042
7e79d65b5c6f1f544b7daea036acf720,9572,sao caetano do sul,SP,Brittany,Jones,senior,77196
fd435faa3c0422b60440ea3480d0e77c,58073,joao pessoa,PB,Andrea,Johnson,top management,54726
6bef34c5be6f2bbd70aa5165f6df94b1,89120,timbo,SC,Daniel,Jones,junior,115419
ae9690c6e8fee182c28c9ff8e11ca52c,4361,sao paulo,SP,Charles,Madden,junior,96152
f7720c4fa8e3aba4546301ab80ea1f1b,81350,curitiba,PR,Johnny,Valdez,top management,69771
5bba18b40e8c973b0f32e748004775b0,15840,itajobi,SP,Marie,Morales,manager,67224
7b7f91e98f8c6def45a1407923304402,6154,osasco,SP,Ronald,Ford,junior,98484
4c2b230173bb36f9b240f2b8ac11786e,3933,sao paulo,SP,Lisa,Henderson,manager,94845
a23266650e7c84bb93fbbba502137478,90220,porto alegre,RS,Lauren,Ramirez,manager,78112
d2df77822373f19934e87694d8640767,86706,arapongas,PR,Megan,Arnold,junior,92158
8fbd63429be6d3e5e6d1a709b6464802,9130,santo andre,SP,Suzanne,Schroeder,senior,101565
ac6417315ae5da8f9a38ee11de6f7780,7400,aruja,SP,Jean,Rodriguez,junior,98710
81336a0f57a33776419727a300249e90,13560,sao carlos,SP,James,Brady,manager,127796
02f623a8eb246f3c5f7c2f96462654e6,18611,botucatu,SP,Tara,Palmer,top management,78004
56db5c0782e8f7ddc9343f9576ff6d16,88132,palhoca,SC,Arthur,Smith,senior,121074
29fe9f200d3fa0c668d2aa1ec7e08dfb,88330,balneario camboriu,SC,Kevin,Smith,manager,83157
271b8923c6a549e02d3c9fd1f8c0422b,11704,praia grande,SP,Candice,Walls,junior,61713
4e06067cc08b3f41d837768d392c3ee3,32604,betim,MG,Craig,Watts,senior,127205
ec933281fb017b5020d06df29c3f77e8,3820,sao paulo,SP,Maurice,Vasquez,senior,67533
49e7217cfe4e427191c378ec626d8737,35570,formiga,MG,Charlene,Haynes,top management,118792
34f563c82a85b99ae9e6d60db5fc2e28,93700,campo bom,RS,Adam,White,manager,77601
4ddeb3e828550cddc8d45c8bc36ab2d1,1131,sao paulo,SP,Robert,Peterson,top management,52371
90d4125885ab6c86e8820a722be71974,6780,taboao da serra,SP,Jack,Gomez,senior,99438
3a734b715d333a2588a3d54a0c9b8746,6132,osasco,SP,Kristin,Mccarthy,junior,123900
f5b84683a9bf9e1df748cf40f601b39c,1127,sao paulo,SP,Jennifer,Martinez,top management,126761
392e0502231ae2f8b29994ef6398cd77,18760,cerqueira cesar,SP,Christopher,Cole,senior,93360
5d0363b33554b373851fc1622e4d5f3c,12952,atibaia,SP,Debra,May,top management,89431
6e85dc5ecd97a61094b89b046a509d8e,15845,marapoama,SP,Jacob,Stewart,senior,109904
417a1e6c7321084d2a0ae0d023cfad93,95885,imigrante,RS,Thomas,Gray,senior,120085
013900e863eace745d3ec7614cab5b1a,80740,curitiba,PR,Donald,Mack,junior,68529
c157bdeedcbc9a8e3c8bf0d87ff24428,18120,mairinque,SP,Tina,Ramirez,junior,100120
fa3a0b5aabb344b9a92e3524b0202123,83020,sao jose dos pinhais,SP,Keith,Rice,senior,117822
88cf19ec1fc2c58f161aee259d57142c,13570,sao carlos,SP,Melissa,Frost,top management,83564
c13ef0cfbe42f190780f621ce81f2234,1207,sao paulo sp,SP,Shannon,Pitts,junior,83317
fc908879b9ca1bd65419e54e50432d38,4558,sao paulo,SP,Maria,Watson,senior,79457
c679fb69a36e1d8349e8c50a217b4d58,95020,caxias do sul,RS,Michael,Benson,manager,108209
17a053fcb14bd219540cbde0df490be0,13843,mogi guacu,SP,Charles,Estrada,junior,122331
2d34636518ba88f5349b732fcf8ba2e4,1039,sao paulo,SP,Lucas,Dominguez,top management,71215
d79e8478eed9999493990b44955fb22e,20081,rio de janeiro / rio de janeiro,RJ,Richard,Hoover,top management,59508
458d868c9642f55f18f04e951a3fdde6,90670,porto alegre,RS,James,Walter,senior,113533
41b14765bd56c8ad10971074380f9c0c,9070,santo andre,SP,Brian,Guerra,senior,93368
e439f7176d763f92de325271111b2fd5,89219,joinville,SC,Danielle,Solis,manager,88350
7f2617c58d5d06806987308b45654351,4571,sao paulo,SP,Lee,Davis,junior,86387
cac63f48c38cd7d002a7e846dcd99a23,13170,sumare,SP,Lori,Smith,junior,62875
04ee0ec01589969663ba5967c0e0bdc0,95910,lajeado,RS,Christina,Lopez,manager,124541
f00e21b1e91a79653163b7fd8f293ff1,37795,andradas,SP,Joshua,Miller,junior,83660
9140ef75cc8211c4035935e80e567204,87015,maringa,PR,Tracy,Vasquez,top management,79621
79a679c36c08d606b3fd47ead9de109b,2611,sao paulo,SP,Nicole,Cruz,senior,57715
cc5a78bbad32776dc4e3af205218368c,35501,divinopolis,MG,Lori,Shaffer,top management,112839
6eeed17989b0ae47c9f11ece6f38ea90,4123,sao paulo,SP,William,Foster,manager,107211
b5f0712d22a873b6797ab6cc65c3fcba,2316,sao paulo,SP,Sheila,Wu,manager,93601
3f9c56764fabca627406093dcb3ef0b4,22745,rio de janeiro,RJ,Keith,Guerrero,top management,89882
efb628aa07c8ca93d7db0d85b91a4f5a,26230,nova iguacu,RJ,Kenneth,Collins,top management,76756
4e922959ae960d389249c378d1c939f5,12327,jacarei,SP,Katelyn,Wheeler,senior,97309
47648caee88ccfe951fbb27fbf7b4cbe,9931,diadema,SP,Cindy,Nelson,manager,129817
ca4b77513ac2040591b0d8fae6958380,9190,sando andre,SP,Amanda,Jones,senior,68191
7957cac1a02f45d0a4a7e45626382ec2,80320,curitiba,PR,Harry,Hernandez,manager,112617
4cc4fd4fdd406a85bbdc1f824b731bd7,85906,toledo,PR,Ryan,Parker,manager,94041
b8630e1121437d41cb08e3c749c2c2e2,25070,duque de caxias,RJ,Breanna,Reilly,top management,76890
cfe94489ddd337d1e29e12f2a7205d10,3178,sao paulo,SP,Brian,Dawson,top management,57363
9cf787a239c1aa29dbd76f153dc13f9a,14403,franca,SP,David,Nash,junior,93630
2a50b7ee5aebecc6fd0ff9784a4747d6,72580,brasilia,DF,Molly,Sanchez,top management,60767
d297f1055de2956aedfd3b04113dce3e,13382,nova odessa,SP,Tiffany,Johnson,top management,104651
2c3d56f92f360fb89d849b84e8f50eae,6420,barueri,SP,Samantha,Chan,junior,110475
3442033154be05bac582e173ef54fd12,5413,sao paulo,SP,Tiffany,Medina,junior,87006
78744a20ee2f80ba64f6804c25def2b8,50751,recife,PE,Gordon,Lucas,top management,105635
c990d6cf976a5718aaedc539f383ab88,13145,paulinia,SP,Stephanie,Lawson,senior,123441
94e93ce877be27a515118dbfd2c2be41,15502,votuporanga,SP,Erin,Miller,manager,107053
b566ab0ef88016e00422755e305103c6,37640,extrema,MG,Michelle,Barry,junior,63453
d9cb0052a666de5308b32f32ad5f1b1c,15400,olimpia,SP,Rhonda,Murillo,manager,61259
a89e143d5211473ae18db9577ee34b64,13486,limeira,SP,Michael,Jones,manager,103472
1f2eebc0e970fd3c463e4f5d9652687a,1311,sao paulo,SP,James,Wagner,top management,106822
941554c5757b73ba0e50aa7732310afc,4142,sao paulo,SP,Maria,Koch,manager,75939
8581055ce74af1daba164fdbd55a40de,7112,guarulhos,SP,Antonio,Miller,manager,106145
a9ae440659f48b7849df83e82734150b,9015,santo andre,SP,David,Green,manager,95948
c963a25b8671419c6ce9eebe8fd03218,23943,angra dos reis rj,RJ,Ann,Obrien,senior,75876
9485a23c0430ba1d58d359391606fce6,9015,santo andre,SP,Troy,Rich,senior,116978
0951a6e282947e09cd47969f4ed0b47f,6763,taboao da serra,SP,Douglas,Adams,junior,77680
52f0fe436a347ddad7ed5f9aa4e27eaa,1129,sao paulo,SP,Brenda,Gomez,junior,98219
9c7fd21e0aa159b20da593371f08ff7c,6180,osasco,SP,Derrick,Mercer,senior,79979
c33847515fa6305ce6feb1e818569f13,88359,brusque,SC,Max,Anderson,manager,103069
8b8cfc8305aa441e4239358c9f6f2485,86020,londrina,PR,Jennifer,Davis,senior,84434
2c00c85d30361cd2ced2969cffbbffa3,31160,belo horizonte,MG,Christina,Arnold,top management,110676
d4e4b5192cba4e0e66eb12a9d347239d,85904,toledo,PR,Robert,Smith,junior,68113
ade45994b717ccee333492330fbf037b,87505,umuarama,PR,Edwin,Stanley,top management,111874
bb5bd94c8f59cc050072d2930c869cac,5008,sao paulo,SP,Eric,Hansen,junior,91075
b05b432bf68945d4d9783f9e3ca29ee8,16200,birigui,SP,Jesse,Pearson,manager,87286
2a7dc43cecabf23403078e2188437d1d,4142,sao paulo,SP,Susan,Saunders,junior,106005
578fa3a9cb6b6dceab39231ad59cdaca,60025,fortaleza,CE,Christopher,Clay,top management,93502
615c3462099ffa940d37b17dfda19594,24855,rio de janeiro,RJ,Timothy,Mcintosh,senior,52177
a3f0b55de503387383c7b1de3ad7f678,82400,curitiba,PR,Ryan,Haynes,junior,60614
6d7f8d9d594e28796b6b3205b00f459c,80050,curitiba,PR,Carrie,Hansen,senior,97824
7b7ed56ae755e2880f2b69632e839c1e,74230,goiania,GO,William,Gray,top management,73505
4fae87d32467e18eb46e4a76a0a0b9ce,99670,ronda alta,RS,Tiffany,Williams,top management,127891
ea566164622c6b439516ab18062c42cd,5303,sao  paulo,SP,Jessica,Richardson,junior,76458
821fb029fc6e495ca4f08a35d51e53a5,2030,sao paulo,SP,Amy,Rhodes,senior,77943
d6ab728cf30867cf3f1a2e216ae2f9b7,3185,sao paulo,SP,Mary,Mckinney,senior,126520
1a932caad4f9d804097d7f8e615baed1,2976,sao paulo,SP,Mary,Morgan,manager,67509
173d56ffbd4c56cb80fc3615487d712b,11370,sao vicente,SP,Joshua,Shelton,senior,101197
2be17df1c49978426251562096c3cc09,88704,tubarao,SC,Debra,Smith,top management,118010
f7c31656c19db6275a8acadca289f426,14940,ibitinga,SP,Brittany,Anderson,manager,114400
6025c79c035c3d772133b8b8238463b2,83327,pinhais/pr,PR,Rebecca,Williamson,junior,64694
c6381d2d013342748761e906d45aff76,93180,portao,RS,Jennifer,Parker,senior,71044
c500367424994318b9e779ff1ae9a330,13145,paulinia,SP,Dana,Johnson,manager,68178
19e0f40a907ec568c34bfac15de4f4a1,13478,americana,SP,Luis,Sanchez,top management,99057
ecccfa2bb93b34a3bf033cc5d1dcdc69,81810,curitiba,PR,Jared,Roy,senior,62171
c66dccfb3f109511246da627dd5a2498,11900,registro,SP,Krista,Mcintyre,junior,62389
d921b68bf747894be13a97ae52b0f386,35570,formiga,MG,Denise,Miller,junior,114802
929f342384a6607afe143d789ade1316,86065,londrina,PR,Patrick,Scott,manager,121534
e256a62e0ac58c0edfba09966142d561,81320,curitiba,PR,Taylor,Smith,top management,126619
b5b800c4065bebf4d3442311c9857344,3561,sao paulo,SP,Wanda,Cordova,junior,118200
c8417879a15366a17c30af34c798c332,4445,sao paulo,SP,Latoya,Payne,senior,122703
8dfbc5ff27df12f6cef751d3b9554222,80220,curitiba,PR,Tara,House,senior,92780
e732329483fd5f27367dd997b47f598a,89030,blumenau,SC,Mary,Williams,top management,82071
989becdce12ebc39863c2bceab6f3ca1,81730,curitiba,PR,Anne,Goodwin,manager,55745
9f56a7a649097b166d8ed286ad86a15c,21041,rio de janeiro,RJ,Kaylee,Conway,manager,102026
c4d51195486dc781531876a7d00453d8,19023,presidente prudente,SP,Joshua,Gibson,junior,77513
98115075dd26cb8835946fc6086f5d30,9687,ao bernardo do campo,SP,Ryan,Johnson,top management,64915
2305ab43e846518f58dd9d59f3f54e96,8452,sao paulo,SP,Daniel,Bender,senior,94725
2528513dd95219a6013d4d05176e391a,6060,osasco,SP,Aaron,Kramer,senior,61229
64c9a1db4e73e19aaafd3286dc448c96,82510,curitiba,PR,Matthew,Rodriguez,manager,51728
44ed138eca6214d572ce1d813fb0049b,92010,canoas,RS,Cody,Bryant,top management,108155
ce4755084bc097113867e6454f8f5e52,14090,ribeirao preto,SP,Kimberly,Carroll,top management,83947
3e51f9cbe317bc3a88f2c76583811ee4,8032,sao paulo,SP,Hayden,Holden,top management,77388
204b4e07bddef3c9b317f70189135b22,37564,borda da mata,MG,Jonathan,Johnson,senior,52781
921323538c9f1c4e816f2720eac02bea,1319,sao paulo,SP,Kimberly,Gamble,senior,94677
1464afc72f696af775557a821c2e253f,28630,nova friburgo,RJ,Sarah,Fox,top management,120205
77a515caa36327151d1cc6c32a9f00e1,9912,diadema,SP,Sean,Silva,junior,113650
32fdd5d44ecb43dfd6a24b9369eca144,35557,carmo do cajuru,MG,Jonathan,Rowland,senior,119575
4b0fdb526525f9890eb145bf1534640e,14940,ibitinga,SP,Kimberly,James,junior,60789
1cd9e0cc1839d55516843def5600816d,3951,sao paulo,SP,Jeremy,Leblanc,senior,76544
7fc87cc3e89b3d1d5cabdca32f8485aa,7123,guarulhos,SP,Jeffrey,Flores,senior,72720
0c7f30ae9b147eca07affbef92832a6a,84020,ponta grossa,PR,Michele,Gomez,top management,126401
e09887ca8c7bf8a4621ce481820414ef,8431,sao paulo,SP,Sarah,Valentine,senior,69273
318f287a62ab7ac10b703ac37435a231,4773,sao paulo,SP,Jennifer,Campbell,manager,73465
52bb00821bcdd358a5a5a27e1f6be5a1,6268,osasco,SP,Kimberly,Coleman,senior,127643
acb6c2ca5c82411c1fdb88d5fd5eb95e,3423,sao paulo,SP,William,Anderson,senior,93799
26e2e5033827d2ba53929f43e03d8ffe,2611,sao paulo,SP,Jessica,Morgan,top management,116360
55dedd83e501d8248880557d9073cbfd,22061,rio de janeiro,RJ,Chad,Thompson,top management,122040
5b179e9e8cc7ab6fd113a46ca584da81,5424,sao paulo,SP,David,Roberts,manager,98298
ffdd9f82b9a447f6f8d4b91554cc7dd3,80030,curitiba,PR,Robert,Best,manager,100138
4eeb99008a0f59d2c7759c59f9a346eb,6807,embu das artes,SP,Shane,Lee,junior,93597
f3511c85f59f8dec53d140501ee8e7a8,80045,curitiba,PR,Daniel,Bell,junior,109074
60da8bfa7eebe230b7d66ac4082d79b3,15940,fernando prestes,SP,Melvin,Hopkins,junior,95526
2c538755f1ca9540af144f266e70df6c,39801,castro pires,MG,Robert,Christian,senior,123505
cb41bfbcbda0aea354a834ab222f9a59,3520,sao paulo,SP,Elizabeth,Perry,top management,70887
2379bdc3888025689a9deb7b141507d5,13806,mogi mirim,SP,Edwin,Woods,top management,77429
5ee7fd217d08dfe5d3e2f51f96a12c9a,13880,vargem grande do sul,SP,Brian,Lopez,manager,91625
a414555ce331b8c8aea4a9cb8395194d,3638,sao paulo,SP,John,Brock,top management,62830
92992bec39dde5766f590d3b1f46d465,4310,sao paulo,SP,Shirley,Hawkins,manager,78434
834f8533b2ecb6598dd004ff3de7203a,5181,sao paulo,SP,Robert,Kelly,manager,109262
b5f49fe968dff6b112861e6cd8e192ef,80710,curitiba,PR,Michelle,Smith,senior,88697
b26741d31a563d769b4af0465ab20c56,88061,florianopolis,SC,Bradley,Mills,junior,71760
f7315bb81aea4ddca2d39e249a801c98,7082,guarulhos,SP,Robert,Lucero,manager,127442
8e2b3afb420011ef0c88c9d5f11ea526,13060,campinas,SP,Shannon,Blair,top management,92606
8fff28c4263ddec387f28d237fb42773,5594,sao paulo,SP,Natasha,Whitehead,junior,94743
0ddefe3c7a032b91f4e25b9c3a08fca1,9721,sao bernardo do campo,SP,Kimberly,Castro,junior,114346
730937bf88cb151eb2eb849f642fc213,13500,rio claro,SP,James,Gordon,top management,118913
cc3d14116804f7209f3884f6367f1152,82940,curitiba,PR,Adam,Shaw,top management,92872
5dc203c7b84a0e71e878a179de05fb9a,17580,pompeia,SP,Daniel,Oliver,senior,83159
440dd6ab244315c632130ecfb63827b1,15502,votuporanga,SP,Darrell,Powell,junior,126810
66fd84ee7528c0c0de85d0f44a73d5ab,98975,campina das missoes,RS,Brian,Olson,manager,91854
fec6912baad85d41729669edd6b4d3b8,14110,ribeirao preto,SP,Susan,Montgomery,top management,60185
666658b8da8370f30e1f89893b1de5e6,3658,sao paulo,SP,Joanne,Murray,top management,101570
f3c38ab652836d21de61fb8314b69182,1206,sao paulo,SP,Bradley,Bennett,senior,72291
90b57083da5d803237da74daec6dcb2b,80730,curitiba,PR,Cory,Nelson,junior,126394
45d33f715e24d15a6ccf5c17b3a23e3c,18015,sorocaba,SP,Amber,Malone,junior,119367
1bb3812d5f0747a3ab7348f199001a10,4708,sao paulo,SP,Mary,Ibarra,senior,74115
c33a5c3c983090c8b78a28e65052a20d,88802,criciuma,SC,John,Livingston,senior,128413
003554e2dce176b5555353e4f3555ac8,74565,goiania,GO,Melanie,Frazier,manager,128850
16090f2ca825584b5a147ab24aa30c86,12940,atibaia,SP,Suzanne,Hendricks,top management,104924
5659d77e8d90378e39b960ad5956f64e,12062,taubate,SP,Kathleen,Jones,junior,62504
b561927807645834b59ef0d16ba55a24,2955,sao paulo,SP,Ryan,Mora,top management,78496
28d162ab86bb49d719c32f0ee6186eaa,14079,ribeirao preto,SP,Mike,Evans,junior,109355
e06f09ec0a4aca210779cf1cfc63cf19,4773,sao paulo,SP,Glen,Mendoza,senior,93007
8c9348f33ae3dada25c99c99ade2af78,6340,carapicuiba,SP,Daniel,Stokes,top management,100860
da6a60cc8cc724fe51be021ff8be779c,28941,sao pedro da aldeia,RJ,Clinton,Howe,senior,53903
461ff5303b6c9c1a4a07f40c5aece516,83323,pinhais,PR,Amber,Gallagher,senior,119691
e82de6494d91d3c4c54450f59b227a94,14940,ibitinga,SP,Sydney,Mathis,manager,96289
213b25e6f54661939f11710a6fddb871,13321,salto,SP,Christopher,Middleton,top management,53503
78c99c6dff4eeae5be99bf635ed21e3f,17510,marilia,SP,Christopher,Roberts,top management,76897
a36ac007a4d18f865c8d32c3b2402c2d,6455,barueri,SP,Timothy,Lowe,senior,117026
a2e85714b56b1cb6bb24a9a6e6cad36f,14530,miguelopolis,SP,Joseph,Davidson,senior,115244
6b333a05bf188ef3e1f1662a86bd9855,72304,brasilia,DF,Karen,Peters,top management,103470
56642bcb79900e777d68e91915cb4267,3701,sao paulo,SP,Matthew,Solomon,senior,93526
41b86b552e54e3a7009596125aa8b167,2470,sao paulo,SP,Valerie,Wade,manager,54559
1d0997ff06b524ce9289ffd75114ecd3,52020,recife,PE,Sandra,Spears,top management,71596
73b8eb4a9a729d4019b24ed1be748cbf,13070,campinas,SP,Anna,Leon,manager,81015
a69aa24cec11168e7e39a3fbc727e925,6330,carapicuiba,SP,Isabella,Adams,top management,61912
8ea394aed8138685abe1eb9f25e1021d,18053,sorocaba,SP,Edwin,Miller,junior,74443
8a130737016f838139d31878787a39c9,3187,sao paulo,SP,Robert,Cruz,junior,109851
f682e0f848abafc6f41e0d4e868c66ef,7600,mairipora,SP,Denise,Campbell,top management,100774
11742f81550ac064cc9a40f67151d9ad,15810,catanduva,SP,Anthony,Santiago,junior,97584
8a40ae794fa3f9892cee24bd5af0488b,82620,curitiba,PR,Benjamin,Vargas,manager,80565
0936e1837d0c79253456bbb2ffaaef10,2050,sao paulo,SP,Emily,Perez,senior,86980
850f4f8af5ea87287ac68de36e29107f,4367,sao paulo,SP,Brian,Ortega,senior,94897
4dc2e811a1760953cb7c6a590b498943,17230,itapui,SP,Charles,Flores,junior,90004
343e716476e3748b069f980efbaa294e,13033,campinas,SP,Heather,Barrera,junior,93520
e9729944ba65dc3ce425e0c5a22ae7b2,25730,petropolis,RJ,Lindsey,Smith,top management,108819
e0eabded302882513ced4ea3eb0c7059,13023,campinas,SP,Tyler,Hamilton,top management,113484
643214e62b870443ccbe55ab29a4dccf,2134,sao paulo,SP,Brittany,Becker,manager,113366
0aa124728afc1131dff5655f4c6f487b,37135,alfenas,MG,Bianca,Thomas,top management,129384
ce27a3cc3c8cc1ea79d11e561e9bebb6,3006,sao paulo,SP,John,Flores,top management,110571
da4d149c0ddbac90557103ac0a0ec356,9861,sbc,SP,Tyler,Evans,junior,61810
0241d4d5d36f10f80c644447315af0bd,80330,curitiba,PR,Jillian,Smith,manager,64211
272f092de69afedd4d2969440b37f18f,3265,sao paulo,SP,Andrea,Moore,manager,55806
d1aa1ec0839dcab73a6161130eb1f94a,80220,curitiba,PR,Ellen,Reed,junior,52986
8e8a7ce9f2f970dc00e2acf6f6e199f6,24710,sao goncalo,RJ,Tonya,Vargas,manager,76483
d7827b2af99326a03b0ed9c7a24db0d3,86076,londrina,SP,Craig,Vasquez,manager,71800
3935fe5fe0f82787a9dcb8deb62be09d,4905,sao paulo,SP,Christopher,Figueroa,senior,76632
119d1aef1b4144adba89163f6cd9f5d4,13920,pedreira,SP,Matthew,Webb,junior,89646
9a1aea68d3efa00862ec88c0768037d0,15806,catanduva,SP,Tiffany,Barr,junior,74124
a9b533a26e898b12e8b8d4c07279bf4d,21545,rio de janeiro,RJ,Ricardo,Hart,top management,97203
5b51032eddd242adc84c38acab88f23d,37564,borda da mata,MG,Joseph,Burns,senior,128547
8cc6a0e5738e61a87b03c78b2ba9db4b,37795,andradas,MG,Danny,Hansen,senior,119827
c53bcd3be457a342a97e39e5a9f0be22,49980,neopolis,SE,Kimberly,Davis,top management,108685
f4db9b37944bcb8873e6b456ee190bbf,8599,itaquaquecetuba,SP,Michael,Hall,junior,106639
729b2d09b2a0bdab221076327f13d050,17320,mineiros do tiete,SP,Lisa,Page,manager,118744
18e694e0e48ed6f7aa3f24aade5fd697,13224,varzea paulista,SP,Phillip,Carpenter,senior,123560
30a81d8cf85fb2ada1b1b094c9583a95,3563,sao paulo,SP,Kenneth,Beard,junior,114108
6561d6bf844e464b4019442692b40e02,7859,franco da rocha,SP,Theresa,Lopez,top management,103893
e64d65bc8dbec2accda90c58de5d1246,13500,rio claro,SP,Katrina,Yates,senior,121231
3903c788ded8dc03b5ebab37a2f3e9a1,6332,carapicuiba,SP,John,Patterson,junior,68893
63191ead8d3b2f937cd1996fdcbbad20,13212,jundiai,SP,Zachary,Horton,manager,108173
67bf6941ba2f1fa1d02c375766bc3e53,82400,curitiba,PR,Charles,Perez,senior,64434
897060da8b9a21f655304d50fd935913,14092,ribeirao preto,SP,Jacob,Mcpherson,junior,126008
76c47a299e4a8fe992316a85865acbe9,14075,ribeirao preto,SP,Mark,Lynch,junior,93670
d1b9d4be4b6f9ebd85f8acd6745ba612,34006,nova lima,MG,Andrea,Hester,manager,104938
3ea08c48e851106d2f584349daba335f,36201,barbacena,MG,Stephanie,Johnson,top management,117946
389e45560e33d2d0747f949dcddbc08e,12238,sao jose dos campos,SP,Jessica,Huffman,manager,115487
b81e3a6c866a764974fe849821abeebd,9360,maua,SP,Michael,Mcpherson,manager,77436
40536e7ca18e1bce252828e5876466cc,7747,caieiras,SP,Suzanne,Green,junior,111007
b494891378bd8f4560abe576c52deacd,4160,sao paulo,SP,Kelly,Lewis,manager,89244
09f952a5f58d2285b0372551ae8f9b01,9725,sao bernardo do campo,SP,Jeffrey,Willis,junior,108586
14d7985702e72162bbf13b6beb74ab2b,9131,santo andre,SP,Maria,Murray,top management,61387
2c4c47cb51acd5ea5db5e0ae0e26542a,15290,buritama,SP,Nicolas,Rice,top management,129814
b416191c9813d821a295cfabafff4161,14407,franca,SP,Carlos,James,senior,67660
9616352088dcf83a7c06637f4ebf1c80,87504,umuarama,PR,Jasmine,Perez,manager,107660
557f22c76691849db52d2abccf0015d0,75650,morrinhos,GO,Renee,Gill,senior,112966
968ee78631915a63fef426d6733d7422,99700,erechim,RS,Tammy,Berry,manager,108684
533d46c1b06970e99f09523a61df4972,18200,itapetininga,SP,Anthony,Hayes,top management,103718
1dd33b8119b3cb1056ed5dc88cd0aaf4,4710,sao paulo,SP,Richard,Fuller,top management,83767
ac137bac82ffa8548e62bd9d01d2a14f,3631,sao paulo,SP,Jane,Arnold,junior,66290
2dcf93836ae3ce0d7c93e2f10876467a,12240,sao jose dos campos,SP,Donna,Erickson,manager,85912
51702dc2a3e106c76dbff722b5bf0726,13835,conchal,SP,Kevin,Thomas,top management,70773
97512d3fc193b2d1dfcdba0f9d1f0f8a,8270,sao paulo,SP,Andre,Bernard,manager,74661
f3975e8a41157005d4bcbb358678cd9b,89870,pinhalzinho,SC,Albert,Thompson,manager,70033
76d336555bb25f3165d2f0d6da719c40,18015,sorocaba,SP,Oscar,Williams,manager,113606
f08a5b9dd6767129688d001acafc21e5,90230,porto alegre,RS,Amy,Mercado,manager,111316
ae45df84722b1d15c5f32b23a095746c,3062,sao paulo,SP,Ernest,Valentine,manager,81410
d197aa8fbc64087f61984deef05f6227,12224,sao jose dos campos,SP,Tyler,Johnston,junior,127520
afa6714acee029b2dfdf357e5579cc03,13690,descalvado,SP,Alicia,Franklin,manager,71792
520b493b57809f446cb0a233bb3e25c7,11075,santos,SP,Michael,Bailey,junior,54269
9b1ab052f5fca308ba743ac789ebb2e1,85200,pitanga,PR,Jesse,Salas,junior,84218
bab0a8cd684e41ba6e2637dca0979d3b,22793,rio de janeiro,RJ,Frances,Mullins,manager,107572
b83cedfb587e7911540e3f576d6917ce,4870,sao paulo,SP,Beverly,Davis,manager,51182
0ef83d7d83ed97cd2a0049ac8be5f88a,80230,curitiba,PR,Kevin,Ashley,manager,99014
d13e50eaa47b4cbe9eb81465865d8cfc,9210,santo andre,SP,Matthew,Campos,manager,70746
37303482a42fb700d8d127e70a9cd6c8,13070,campinas,SP,Katherine,Clay,senior,83125
b2bdc5e7940a7d7ca8c4a37953b27a42,13880,vargem grande do sul,SP,Steven,Pennington,junior,66871
5c6d4016c2a288f074fa0848a2b653d2,1209,sao paulo,SP,Joseph,Reed,top management,54833
88cd3681e0a2ba85e190f7d817629c4c,88354,brusque,SC,Debra,Martinez,manager,119658
da8622b14eb17ae2831f4ac5b9dab84a,13405,piracicaba,SP,Kevin,Roman,junior,115421
fe26f3ecb51a15e6d8335cd92da42562,4365,sao paulo,SP,Courtney,Johnston,manager,63642
5151aea44289d6c6b090ee31c2132508,17515,marilia,SP,Sarah,Medina,junior,77423
9c351405b754cc5ce3e2ecf277bb034a,3134,sao paulo,SP,Susan,Koch,junior,58906
13511db12ac61e2f89c53b72a944a60b,95020,caxias do sul,RS,Brianna,Holden,top management,122404
4b90495391ac0bd181a80a459df1e718,96400,bage,RS,James,Graves,junior,111717
b37c4c02bda3161a7546a4e6d222d5b2,3667,sao paulo,SP,Jessica,Ramos,senior,69109
5f1dc28029d2c244352a68107ec2b542,5126,sao paulo,SP,Jeremy,Sellers,junior,117643
710e3548e02bc1d2831dfc4f1b5b14d4,86600,rolandia,PR,Rebecca,Hart,junior,82569
485452467ff670447e84a8370c3fc898,89190,taio,SC,Adrienne,Smith,junior,101077
4d8809767a5bafe22909c77951fb6b41,6803,embu das artes,SP,Michael,Sullivan,junior,55447
3ab971ce71839580d2ae5b4e40fe8044,3210,sao paulo,SP,Alexander,Cline,top management,72245
9d4db00d65d7760644ac0c14edb5fd86,18025,sorocaba,SP,Christine,Jackson,junior,87508
1dcfa3835714681d4ba4a93bc1e0fd41,16200,birigui,SP,Mary,Myers,senior,127336
6da1992f915d77be95d7fa48b36904af,1026,sao paulo,SP,Brent,Young,top management,92899
d4f117125b59ce73c3302f88ee40c458,4058,sao paulo,SP,John,Sloan,manager,105786
1de62b6f2fd96227629786db492433db,16021,sp,SP,Amy,Pham,junior,61457
30a2f535bb48308f991d0b9ad4a8c4bb,13457,santa barbara d'oeste,SP,David,Hudson,top management,85867
a36b125ac6d5fdbc7f50de85c9157bdc,14020,ribeirao preto,SP,Emily,Myers,top management,68826
1336efc61c316ddf92c899eb817f7cae,19800,assis,SP,Mark,Hampton,manager,125397
620c87c171fb2a6dd6e8bb4dec959fc6,25645,petropolis,RJ,Antonio,Johnson,junior,103057
ab91571efab27993ff2f6b36e38055c3,4319,sao paulo,SP,Scott,Garcia,senior,95263
63a79f5a7eb5cb48a7e5787b141c7993,38701,patos de minas,MG,George,Hicks,top management,111141
070d165398b553f3b4b851c216b8a358,3916,sao paulo,SP,Morgan,Shields,senior,57535
b64d51f0435e884e8de603b1655155ae,7077,garulhos,SP,Katherine,Dunn,top management,88701
9fc70243fb26800cba56e8f014797004,30270,belo horizonte,MG,Jacob,Garcia,manager,77306
1cbcd2ee0afb3fc09963b87eb65e7e4f,82640,curitiba,PR,Janet,Buckley,top management,70429
344223b2a90784f64136a8a5da012e7f,89117,gaspar,SC,John,Ramirez,senior,97961
4c8b8048e33af2bf94f2eb547746a916,14940,ibitinga,SP,Andrew,Gibson,junior,63643
7a704e63bb29c446869efde5d57524c8,85601,francisco beltrao,PR,Scott,Martin,top management,85261
88460e8ebdecbfecb5f9601833981930,87030,maringa,PR,Jennifer,Dixon,top management,98625
7d76b645482be4a332374e8223836592,1511,sao paulo,SP,Kenneth,Scott,junior,51943
296729ffb9b684050dd24836dac4494a,80240,curitiba,SP,Christopher,Gordon,top management,65399
5f06030071324cc52bf0304014ac7234,17514,marilia,SP,Donna,Robertson,senior,119887
c542f5a8c64d973f30e9df8d06f70b4a,2013,sao paulo,SP,Jordan,Deleon,senior,127403
d36b07fd3c5088e477a72d1fccfe29d4,18200,itapetininga,SP,Kevin,Snyder,top management,67831
46ef1a25845fc051c2998d878354810c,35530,claudio,MG,Jerry,Shields,top management,102207
a61cc04793308395a840807104365121,13240,jarinu,SP,Matthew,Perry,junior,110572
cac4c8e7b1ca6252d8f20b2fc1a2e4af,13347,indaiatuba,SP,Erica,Rush,top management,89165
cc63f0dd2acba93ffed4fe9f8e0321fa,15025,sao jose do rio preto,SP,Jasmine,Sanchez,senior,115758
b29d3380981c51df13fc6fbe87e1763d,14057,ribeirao preto,SP,Robert,Murphy,junior,63800
a53f60f05f822b5c621a50ff6a5cb362,38402,uberlandia,MG,Hailey,Li,senior,56480
dbec9a0a7efeff029d4d9dce7dc4cc95,31920,belo horizonte,MG,Julia,Hobbs,manager,50053
8de8fe3af4449ed695d2434c933ed73e,1215,sao paulo,SP,Holly,Morgan,junior,111407
aa762680c40618316a896838866140ea,82510,curitiba,PR,Anna,Mason,manager,63337
577719699805dd125d5b6fdde5943bba,95150,nova petropolis,RS,Stephanie,Rhodes,manager,108677
13dd308f81fea30cc670c656b2b46cc3,13454,santa barbara d'oeste,SP,Michelle,Cooper,senior,114384
01fd077212124329bac32490e8ef80d9,14079,ribeirao preto / sao paulo,SP,Sean,Thompson,junior,118842
7a188843479798ca813108fa7b959286,4276,sao paulo,SP,Zachary,King,junior,114597
cb32766839f443db85c82a43c4a6c19e,13506,rio claro,SP,Larry,Boyer,senior,51624
7aa538dd6e114e503a2e6154ea352253,15807,catanduva,SP,Troy,Lawrence,top management,73597
e0a3c37054ade6478d923a6efc10f308,88340,camboriu,SC,Jason,Lloyd,senior,72686
0d4c8269e7f0401201794deef160edd6,14076,ribeirao preto,SP,Aaron,Ramirez,top management,95888
3d68c634a99a1ba46dbca3967a69c623,88270,nova trento,SC,Susan,Jimenez,senior,58367
8fbe2ee446b97e128471be4ce983dc0d,18103,sorocaba,SP,Brandi,Haney,manager,92841
e0b162a693bc7f9eab00f783a31d60ea,96020,pelotas,RS,Ethan,Martin,top management,56126
1f867308a0ce13133a4e639ff4de0c02,82510,curitiba,PR,Amanda,Cox,manager,110736
06a2c3af7b3aee5d69171b0e14f0ee87,65072,sao luis,MA,Matthew,Perez,manager,74118
2e90cb1677d35cfe24eef47d441b7c87,2285,sao paulo,SP,Danny,George,senior,81577
9315e491484b1b0081ca166fc164108d,86039,londrina,PR,Timothy,Gomez,senior,92769
adbc26658d6c7b4b6219f9d934598091,81770,curitiba,PR,William,Phelps,senior,72420
0ffa40d54288e4f3499b8780dd0f144f,19013,presidente prudente,SP,Ashley,Johnson,senior,68474
d05ae8f7a5bd1d2a690a44cd079e4e27,22775,rio de janeiro,RJ,Jessica,Montoya,junior,116621
508808d438fe2ff972ed13bb8f4a82e2,3963,sao paulo,SP,Victor,Sampson,junior,103326
28fb0829fd777877cdc350d25cb5bd5b,15051,sao jose do rio pret,SP,Brandon,Wilson,senior,90346
c794dab4928dd97beb41d05514441e86,13160,artur nogueira,SP,William,Cruz,manager,96480
1976a05ecf2996d6ffb7b5430e635fe7,19806,assis,SP,Frank,Young,senior,115178
c70a353f02429c00775a46a75fb787da,8275,sao paulo,SP,Tony,Taylor,manager,78735
39d61be7a92eb77b7da367bd4845bc0e,13420,sao paulo,SP,Melissa,Valenzuela,senior,67709
c510bc1718f0f2961eaa42a23330681a,13330,indaiatuba,SP,Robin,Bennett,manager,118088
8cf21434553b02cbd37c0bbd07e041b0,88102,sao jose,SC,Mary,Ruiz,top management,93165
edd066cd02126d7800f9b66e980e9931,70070,brasilia,DF,Paul,Lang,manager,80193
cf281cf8b7affbdfe751b29cc85580e1,61760,eusebio,CE,Amanda,Miller,junior,115242
392353362d22cc2c236e1ee81ff19890,89069,blumenau,SC,Pamela,Ramirez,top management,68084
1f7fd2a6fcd5a6fa5d8a4dabc72aaae0,95800,venancio aires,RS,Eric,Lee,senior,106950
c878515173c84a492ebe50d6b493230b,85880,itaipulandia,PR,Michael,Smith,junior,105343
77714512e8d4dda9c234da8e3faf16e4,7056,guarulhos,SP,Erik,Lopez,top management,102911
0eaa7e33d73809f1f925f7d07c506cbd,9111,santo andre,SP,Latoya,Fritz,senior,125610
bcf5566870987da7bc811fbc8c5b9fd9,3378,sao paulo,SP,Taylor,Reeves,junior,128200
3d01d1c414c44b5943a09619ff3853cb,13040,campinas,SP,Dan,Austin,junior,72529
2e1c9f22be269ef4643f826c9e650a52,4850,sao paulo,SP,Brett,Jackson,top management,71690
00fc707aaaad2d31347cf883cd2dfe10,87025,maringa,PR,Ashley,Cruz,senior,57597
52f6f9f13ba19504c02781132a049e75,80540,curitiba,PR,Denise,Sexton,top management,59158
83c8aafbefb034674a70de0eac5b8954,85601,francisco beltrao,PR,Kayla,Kelly,senior,113483
58e4b302b54937e55a678c4d15111da4,83402,colombo,PR,Wendy,Vaughn,manager,92872
d1c281d3ae149232351cd8c8cc885f0d,14940,ibitinga,SP,Martin,Sutton,top management,76309
33c51922b6e3c16b24a8f28e5833c99d,86010,londrina,PR,Kyle,Ortiz,top management,116716
f80edd2c5aaa505cc4b0a3b219abf4b8,3431,sao paulo,SP,Marc,Williams,senior,61370
0761743cbffb25d7148189e9f1a5f03a,14096,ribeirao preto,SP,Gregory,Thornton,manager,110717
0b46f784306be7200ca1700aa55d819f,31210,belo horizonte,MG,Brendan,Meyer,senior,52228
7a9c12e235c36247c3c81f50d6ea9cea,9541,sao caetano do sul,SP,Stephanie,Stone,manager,123872
8629c241b3622ac12cd4118afdc8d394,14090,ribeirao preto,SP,James,White,top management,59202
3ade81dab5a172b88e1871c28ae05260,15076,sao jose do rio preto,SP,Alexander,Hoffman,top management,99338
562fc2f2c2863ab7e79a9e4388a58a14,13070,campinas,SP,Connor,Morris,junior,121491
7dc8c42cc750eeafea6c85712ffee9bf,5424,sao paulo,SP,Maria,Ali,manager,106127
247587846358bb1d2e4c6522020b36fe,15093,sao jose do rio preto,SP,Charles,Baker,top management,67082
a35ef466c6fd6d052f5d241240d3c5e2,93347,novo hamburgo,RS,Lisa,Burgess,junior,115746
651530bf5c607240ccdd89a30c9c9712,44600,ipira,BA,Paul,Kane,manager,89570
f1c1ac3f3efc07e659c035008e615e66,2119,sao paulo,SP,Julie,Wright,senior,125985
df0f42bc4c2142eacf0eaf2cffd0cfbb,88306,itajai,SC,Larry,Brennan,manager,54304
40db9e9aa57f7bb151bcda6b0f9bdbb7,52010,recife,PE,Ebony,George,top management,89788
68ca56ce86830f3d31b1b7ec6a54da3e,83280,guaratuba,PR,John,Harper,manager,54053
960945e1a9535cbc0cd6ddd35fbe7ae8,8290,sao paulo,SP,Michael,Martinez,junior,68124
c00396cbdd2e088fe4281baa5920aef1,83535,campo magro,PR,Katie,Villarreal,junior,63307
8d92f3ea807b89465643c219455e7369,3052,sao paulo,SP,Nicholas,Dickerson,manager,98724
c52c644cc0dc85121207a27013efc6af,36325,tiradentes,MG,Kenneth,Vargas,junior,116785
7e26c750b4cb9f6766f58265ff9ebe95,30270,belo horizonte,MG,Morgan,Weaver,junior,100324
5a8e7d5003a1f221f9e1d6e411de7c23,13076,campinas,SP,Jason,Benjamin,senior,70446
6d1b9c9579132c87d2703ec38c30f2c5,82515,curitiba,PR,Danielle,Ortiz,senior,60087
20f0aeea30bc3b8c4420be8ced4226c0,13456,santa barbara d'oeste,SP,Kayla,Spence,manager,64155
575df70bde3f9f2b30bf8d2e9910d725,15075,sao jose do rio preto,SP,Katie,Moreno,senior,124688
5d3bb11474a06bdc23fb9e89f1164ee0,19804,assis,SP,Jasmine,Patterson,junior,70372
c35affa65afd250151285c5917fc1c8a,8050,sao paluo,SP,Sandra,Lucas,junior,114461
e59e489e2ea74bd409b798b5daf49de3,87060,maringa,PR,Brittany,Wade,senior,53023
7d948535954aaf8c5d39db007f74372e,11442,guaruja,SP,Frank,Ramirez,junior,113606
c7b7db6c8f3c64a7cc1afa634db21d50,4367,sao paulo,SP,Elizabeth,Porter,top management,84012
1352e06ae67b410cdae0b2a22361167b,26051,rio de janeiro,RJ,Trevor,Bailey,manager,68523
3bb548e3cb7f70f28e3f11ee9dce0e59,87040,maringa,PR,Pamela,Brady,junior,91637
ee2fbacc2fc3794e656cc4d933d59ce7,5061,sao paulo,SP,Catherine,Reynolds,junior,98012
522620dcb18a6b31cd7bdf73665113a9,85801,cascavel,PR,Cory,Simpson,junior,79408
d32e3909cfb714fb2a6cb092c85b9c5f,13215,jundiai,SP,Robert,Rivera,manager,85336
e5c84227854980f1db19a58958c551d9,83823,fazenda rio grande,PR,Dennis,Cummings,top management,95232
ce7d1888639e6fb06b2749cbfdac1ff7,37443,baependi,MG,Todd,Craig,senior,102612
693660429f9dc4ff704eb3d88dad54d7,9170,santo andre,SP,Tina,Houston,top management,121884
2cb4700db635baa1c0d4f90ed27b6669,81070,curitiba,PR,Charles,Allen,top management,125521
a4b6b9b992b46e9ef863637af96e04bc,88090,florianopolis,SC,Pamela,Miller,top management,101400
ff1e15b778c700abdd4d239b81ac466d,81260,curitiba,PR,Terri,Carey,top management,67649
820c7c9eaf76d2b226b6c242bcf3f34d,4756,sao paulo,SP,Michael,Owen,manager,128683
85d9eb9ddc5d00ca9336a2219c97bb13,31255,belo horizonte,MG,Nicole,Santos,senior,79324
a673821011d0cec28146ea42f5ab767f,3809,sao paulo,SP,Frank,Hill,manager,96912
ebe3dabc4955c9b0d695e7bda38bf5c3,14085,ribeirao preto,SP,Daniel,Alvarez,senior,125563
ca7c6bd577e559472af1c699de9e764e,9812,sao bernardo do campo,SP,Robert,White,senior,58283
c8b3445d737de6befde0c88ede534a5e,5734,sao paulo,SP,Richard,Russell,manager,66395
eb5b6204dde3a6e03b5f1bb8479f055b,6900,embu guacu,SP,Sarah,Reed,manager,99606
4a5b36211b1f51bf7eaa5c10a57fa483,24445,sao goncalo,RJ,Bradley,Fox,senior,116395
2e1a7d075abe038c1b2743005fe42ff1,3461,sao paulo,SP,Samantha,Miller,senior,107747
973f21788dfab357250f69a8dcb7ddee,35530,claudio,MG,Ryan,Jenkins,junior,101360
ba89796db68db180bd389de96b2ff3b6,5763,sao paulo,SP,Michael,Miller,senior,118551
b9ec22de23f18567de0e09d776ca0309,72318,brasilia,DF,Danny,Hicks,manager,128986
79ee721b6f766066a80264402548d359,17011,bauru,SP,Christine,Collins,top management,111943
11bfa66332777660bd0640ee84d47006,14085,ribeirao preto,SP,William,Acosta,senior,82149
7d484ca289afaac6bf5fc6a1e96d2226,79104,campo grande,MS,Karen,Welch,manager,115145
5160d23075764e18e07c1f4a87fad743,9720,sao bernardo do campo,SP,Richard,Middleton,senior,128632
3a1a1fec38dd360f15fc912e821e169d,2451,sao paulo,SP,William,Valencia,manager,114553
141440cad9341e553f8401c574a2aa38,85200,pitanga,PR,Kristi,Smith,manager,120543
05aebce0b5c8f0d41b29b686f2d05fd3,3962,sao paulo,SP,Andrew,Tran,manager,83812
dd39ad39b5d3df33037e141c72497ba6,4282,sao paulo,SP,Kelly,Fisher,junior,74323
695051e2981c8b19e77cafe450d5bdf3,6276,osasco,SP,Katie,Browning,manager,72672
dd55f1bb788714a40e7954c3be6df745,1021,sao paulo,SP,Natasha,Stevenson,senior,109826
ae7ab174effdead6c241e547e4ca13f0,86703,arapongas,PR,Jonathan,Miller,top management,102046
9d7a1d34a5052409006425275ba1c2b4,14403,franca,SP,Jordan,Davis,senior,66367
8c351ed7c326c62123318f4f3246e906,11701,praia grande,SP,Michael,Brandt,senior,91849
dc4a0fc896dc34b0d5bfec8438291c80,14940,ibitinga,SP,Timothy,Jones,senior,59748
3a4127e1ba7208ea37044c5092aae170,8226,sao paulo,SP,Steven,Lopez,top management,101550
7c4402417d51474d4d0cda9557340e40,9530,sao caetano do sul,SP,Laura,Coleman,manager,111207
b9ca8e8baa5d4aa038394a700f63e69f,3001,sao paulo,SP,Lisa,Martinez,top management,100728
3968920b9aa752ab98f7d5888c9252f2,17056,bauru,SP,Kim,Velazquez,top management,52067
9b522ba7eae9e1d04082f267144583cc,4843,sao paulo,SP,Christopher,Erickson,top management,109988
539ed9e19811677513447759be5eccfc,31520,belo horizonte,MG,Bryan,Evans,top management,55448
e26901d5ab434ce92fd9b5c256820a4e,9350,maua,SP,Jacqueline,Chandler,top management,79467
9d5604a1f112324ad6b2aa552122e0fb,88075,florianopolis,SP,Elizabeth,Huerta,manager,75951
a6fe7de3d16f6149ffe280349a8535a0,14401,franca,SP,Rachel,Todd,senior,54219
aac29b1b99776be73c3049939652091d,38408,uberlandia,MG,Richard,Valencia,top management,119904
54a1852d1b8f10312c55e906355666ee,13456,santa barbara d'oeste,SP,Ashley,Jones,manager,124235
88ae906ea2acf6971f26c3e8b7cb4357,1550,sao paulo,SP,Patricia,Nelson,junior,121362
bba8d0c234a52b87b3957037a215d1a4,74343,goiania,GO,Jessica,Brown,junior,80445
c826c40d7b19f62a09e2d7c5e7295ee2,7133,guarulhos,SP,Dennis,Brooks,manager,123236
a425f92c199eb576938df686728acd20,81050,curitiba,PR,Nicole,Owens,manager,61289
3c3017960b2dbd72711a61f0400aab8f,89251,jaragua do sul,SC,Daniel,Ayers,manager,62842
ab9db4cf53b08b828b64dccaafc2d9f0,96530,paraiso do sul,RS,Dennis,Chapman,manager,77516
113e3a788b935f48aad63e1c41dac1bd,12570,aparecida,SP,Joseph,Bates,senior,93900
94c49f20a123aeb9360dbf80ff912bf6,18015,sorocaba,SP,Teresa,Barnett,senior,99945
1ca4bdb0cd7fc48e949bac066188ed26,36773,cataguases,MG,Julian,Macdonald,top management,114230
d12c926d74ceff0a90a21184466ce161,2634,sao paulo,SP,Melissa,Morgan,junior,57784
71dc18fd8cbf5fd77f45dd8b427abb34,82520,curitiba,PR,Danielle,Miller,top management,70564
b43d8b707f887a30f4675391098354a0,44600,ipira,SP,Anna,Williams,junior,90581
f235413f677777a0738ff215d0184901,17250,bariri,SP,Melanie,Andrade,manager,86965
985c92cc412091f8529c12d7f23d3fef,36300,sao joao del rei,MG,Brad,Reyes,senior,129889
038b75b729c8a9a04b0d07cba7eabe86,12231,sao jose dos campos,SP,Heather,Snyder,junior,110486
a4b8d97cd5d3674eeff96abc99d8ed67,13177,sumare,SP,Joseph,Hughes,senior,126821
ffad1e7127fb622cb64a900751590acd,13465,americana,SP,Raymond,Santos,manager,92001
594f9aaa48e5bf431f011ddc5669b0d5,32185,contagem,MG,David,Miller,senior,92352
eba88037e1dca898cd02881f67ced679,3647,sao paulo,SP,Evelyn,Proctor,manager,100309
01ed254b9ff8407dfb9d99ba1e17d923,8710,mogi das cruzes,SP,Kevin,Spencer,senior,122879
f7ccf836d21b2fb1de37564105216cc1,14940,ibitinga,SP,Christian,Hernandez,senior,118915
7e3f87d16fb353f408d467e74fbd8014,4809,sao paulo,SP,Christopher,Davis,top management,121578
9140bd1d9de28b197dce077bdd687438,13900,amparo,SP,Carmen,Maldonado,senior,106593
a2b911e9ad40dc7d61c142a4683e2d85,27353,barra mansa,RJ,Maria,Edwards,junior,60593
a56e351445e5863fc8960640ba9190c7,88306,itajai,SC,Matthew,Johnson,junior,64476
bb135baca94c82fcb731335ad5b04a03,4362,sao paulo,SP,Monica,Kelly,top management,75459
a353b1083c9863d756d9404695016d64,29150,cariacica,ES,John,Mueller,junior,124334
b56828a9f9027f3c918c04ca720d9e3c,11707,praia grande,SP,Keith,Atkinson,manager,82716
6e0908ef4d4efadbc3cc2b74ea477cb0,20910,rio de janeiro,RJ,David,Hardin,senior,93014
5d9f3746e112e696f98ea22c56b3e912,3171,sao paulo,SP,Jason,Wiley,top management,123191
c8143b3069f6746a77421b5ce30a450c,75345,abadia de goias,GO,Autumn,Brewer,senior,87132
f5f46307a4d15880ca14fab4ad9dfc9b,89165,rio do sul,SC,Erik,Hunter,manager,111335
58c851d1a3c7cd3da329eb59453fed44,13504,rio claro,SP,Daniel,Fowler,top management,78747
4830e40640734fc1c52cd21127c341d4,3573,sao paulo,SP,Sara,Stewart,top management,72128
dbb9b48c841a0e39e21f98e1a6b2ec3e,3929,sao paulo,SP,James,Hughes,manager,80076
8fb67a334bacec338885b4e9e1708073,85905,toledo,PR,Sabrina,Shaffer,manager,52447
c6a7539d424a8402232c2228d7a03c5e,3191,sao paulo,SP,Stanley,Rangel,manager,126211
72c5da29406b4234927b81855e7b64f6,7077,guarulhos,SP,Brandon,Jones,junior,51570
e83c76265fc54bf41eac728805e4da77,16074,aracatuba,SP,Vincent,Hicks,manager,116179
a72f15980dc3e9bfd1a49ac9b2f3af65,17512,marilia,SP,Nicole,Rodriguez,junior,62521
ad738d3fcf42655ed15c4960b7b6c601,93425,novo hamburgo,RS,Stacy,Rogers,junior,62686
0ed6ce5d87fd9c69eaacaeb778d67235,13473,americana,SP,Jasmine,Collins,senior,57734
00d8b143d12632bad99c0ad66ad52825,30170,belo horizonte,MG,Jamie,Galloway,top management,97340
fedf2c1386e137f296b3bbf3b635e69d,3410,sao paulo,SP,Eric,Evans,top management,87732
8bdd8e3fd58bafa48af76b2c5fd71974,1552,sao paulo,SP,Julie,Henderson,junior,101005
4391ea5c5990502176a1dcda44a2373d,91910,porto alegre,RS,Anthony,Bird,top management,115205
38e6dada03429a47197d5d584d793b41,4763,sao paulo,SP,Brandi,Brown,top management,110360
6973a06f484aacf400ece213dbf3d946,12230,sao jose dos campos,SP,Terrance,Underwood,manager,125975
e83e93b71371817b11d78a63ff156aee,6409,barueri,SP,Audrey,Wilson,junior,102813
9bade61a92bed55a25d2b67b9f4ed739,83005,sao jose dos pinhais,PR,Thomas,Perez,junior,73012
6c6cc59a5c00cacc5054ca06d65cc282,97110,santa maria,RS,Stephen,Jimenez,manager,65926
c6381b1321d7d97717a5bb4ed5b77882,4276,sao paulo,SP,Melissa,Thompson,junior,97065
d29ba1220fb8634fa3a107e54497b8a4,13560,sao carlos,SP,Duane,Jordan,junior,91068
226b05fe067266c59c15dae208213d06,81520,curitiba,PR,Kevin,Curry,senior,112141
578460d8319c51dab351cd9db95eadfe,74550,goiania,GO,Melissa,Thompson,senior,59456
328acb143b4a73aad6bee8e734f5d20d,85865,foz do iguacu,PR,Nichole,Love,manager,104987
788f22bafdd7ab0e1e79f19db72f16a4,4137,sao paulo,SP,Hayden,Hensley,junior,99837
86ff3eaef0267069cc891a2ed9d10a17,88135,palhoca,SC,Samantha,Savage,senior,118463
5f7300535881cef3b625fd683cf7d145,92020,canoas,RS,Sean,Underwood,top management,79918
0cbcee27c791afa0cdcb08587a2013a8,37410,tres coracoes,MG,Kenneth,Murray,top management,90508
20611af7866c6068fd5ae1f9dbe15c92,13660,porto ferreira,SP,Brandon,Williams,junior,126376
1fa2d3def6adfa70e58c276bb64fe5bb,4106,sao paulo,SP,Edward,Bautista,senior,54174
3d2531eccfbde1d7c8db7a3a12fb267a,31340,contagem,MG,Sheri,Moore,manager,71876
fcdd820084f17e9982427971e4e9d47f,14075,ribeirao preto,SP,Jessica,Jimenez,manager,124020
d8dd176509baa37f359644d082bf7f7b,9570,sao caetano do sul,SP,John,Thomas,top management,65594
cb5ff1b9715e99589f3e0c7a6afab9e3,87060,maringa,PR,Priscilla,Alvarez,manager,128724
9b1f656ca3060f8af17a50d8a024b533,11013,santos,SP,Hannah,Gordon,senior,88011
43a5d4a57af536fddc96d08be3afdfcb,37006,varginha,MG,Gary,Gould,manager,84313
b1a81260566c1bac3114a6d124413f27,99500,carazinho,RS,Connor,Bryan,manager,63860
080199a181c46c657dc5aa235411be3b,6097,osasco,SP,Brian,Ibarra,senior,59442
cca3071e3e9bb7d12640c9fbe2301306,14940,ibitinga,SP,Craig,Flores,top management,95718
788e857f317e53de488d393e65a80f45,8280,sao paulo,SP,Glenda,Colon,top management,72005
d51e0a403fe2e689ece6c73359d96e12,17580,pompeia,SP,Michelle,Marsh,senior,125985
b080809eaacb49e5ca07290981472431,30431,belo horizonte,MG,Alex,Brown,junior,76270
7f7b8245c336066a1f9933c359f11d77,13800,mogi mirim,SP,Diana,Riley,top management,124861
8648b1e89e9b349e32d3741b30ec737e,12308,jacarei,SP,Robert,Butler,top management,118145
d50d79cb34e38265a8649c383dcffd48,8290,sao paulo,SP,Sarah,Trevino,junior,116891
f214d28e8d8e3ef068748498ccc2f813,3872,sao paulo,SP,Danielle,Nelson,senior,107538
717b78b0950b51ed00b1471d858b0edc,18220,alambari,SP,Bruce,Baldwin,top management,73138
aa2640d851ec322526f1295bbeb20092,1156,sao paulo,SP,Rebecca,Mccann,top management,78286
ebd2d60905fb58271facef5596b620d3,18683,lencois paulista,SP,James,Ochoa,top management,65284
efcd8d2104f1a05d028af7bad20d974b,16012,aracatuba,SP,Jay,Moore,manager,120297
6562efe88ce0826a4ca4f189f03b4b84,87005,maringa,PR,Mary,Gonzales,manager,59956
400f221ab83037c0ea78f1267da9624d,17700,osvaldo cruz,SP,Lisa,Boyer,top management,128248
530ec6109d11eaaf87999465c6afee01,85807,cascavel,PR,Aaron,Church,senior,116177
a5259c149128e82c9d6d46e0c1c812bb,76900,ji parana,RO,Dana,Smith,senior,100069
f543ba3c973276f519d89d59bd46cead,15030,sao jose do rio preto,SP,Peter,Zimmerman,senior,104074
89f69225956f951295ca4c7fb1266553,27700,vassouras,RJ,Bradley,Adams,junior,122011
8b11118053756a9a2932f447e11fc1b5,17350,igaracu do tiete,SP,Shawn,Rodriguez,junior,124284
6bb62a4912377c7bfe7cb17b406bc7e6,13215,jundiai,SP,Paul,Lopez,senior,71240
f9d010e39375d9c91dce3f40b73a2f84,12600,lorena,SP,Nicole,Noble,top management,64920
052577151711aec5c744fe12e66db3e1,89136,rodeio,SC,Matthew,Barajas,junior,64221
0adac9fbd9a2b63cccaac4f8756c1ca8,13290,louveira,SP,William,Reynolds,manager,113228
269cff2d3c8d205c11f37a52402ea93b,15803,catanduva,SP,Kurt,Keller,junior,125297
402916f742e5c740cc751493d9cf5053,39740,guanhaes,MG,Jason,Lester,top management,85691
443d880f15cbd3572885e1d44bf2c478,17506,marilia,SP,Brian,Lowe,manager,77151
6d22a1fcebb6dd08c9cd90b92a93e8d0,89215,joinville,SC,Joseph,Stephenson,manager,118772
04aba03279157f6d4e0fe8ccaf21963c,28470,santo antonio de padua,RJ,Susan,Robinson,senior,63763
b39d7fe263ef469605dbb32608aee0af,14940,ibitinga,SP,Jacob,Martinez,manager,118409
ca77545ca4d2dfd1431bf61334e2fa3c,87020,maringa,PR,Michael,Curtis,manager,75806
36890be00bbfc1cdb9a4a38a6af05a69,6040,osasco,SP,Tina,Roth,senior,102721
7b0df942f46435babab05d49b744b2c4,12924,braganca paulista,SP,Theresa,Cox,top management,92713
f26d70155c2b6326fcfa1780c8c684e4,89150,presidente getulio,SC,William,Owen,junior,92674
42fb44130ac3134cde8e35cf8ec7df25,12995,pinhalzinho,SP,Anthony,Clark,senior,54035
dd9661d3cda1e6feb237f0c4d8b26f2e,89620,campos novos,SC,Phillip,Rodriguez,top management,55653
f27e33c6d29b5138fa9967bcd445b6d5,4273,sao paulo,SP,Michael,Powers,junior,73325
55d3daac7c404d59e51c2aa2f4dc5a23,2150,sao paulo,SP,Tanya,Matthews,top management,80304
659e8466eb3ff1b0e8740d74fb7bbedd,45820,eunapolis,BA,Nicole,Ward,senior,103743
1c40343cc5d18c2d8248ac2f3366de34,13482,limeira,SP,Leslie,Perry,senior,111790
e3a386fc36e22064434e1fa256f6a9fa,13165,engenheiro coelho,SP,Edward,Miranda,top management,64101
c9aafcd0621b2207c10e32c649cada4d,8011,sao paulo,SP,Dale,Jenkins,top management,123986
72431a818f97fe6ab9c81eee3e297e54,13390,rio das pedras,SP,Jeremy,Little,senior,50313
184a67a8f9f63234d3a92340bbdb727f,89220,joinville,SC,Chase,Hobbs,junior,97110
9fe7c6641c79970ab48185498f547c09,3147,sao paulo,SP,Emily,King,manager,88714
08ad4ac1388e4420ca531c3edfc46198,6663,itapevi,SP,Mark,Bridges,junior,91044
6fc26fe110feebd80a433e1f012a84f9,15601,fernandopolis,SP,Tony,Flores,senior,99874
2f4b9d112bfa44a214bc6cef085d17c8,29600,afonso claudio,ES,Justin,Francis,top management,53418
ab27bbbad5239bc31a34709275a70db4,18279,tatui,SP,Benjamin,Park,senior,74717
c37b2059d4f90d4feead554e5246565e,5170,sao paulo,SP,Jonathan,Schneider,senior,104024
f43827dd686be3a4a80e00aa299990fb,15055,sao jose do rio preto,SP,Thomas,Young,senior,100319
e601b04acf48b4576e73ddca9481f0dc,4476,sao paulo,SP,Reginald,Hall,top management,62640
98dac6635aee4995d501a3972e047414,2030,sao paulo,SP,Nicholas,Peterson,junior,103720
3d39fbf22a665714baf62fae36029e23,13040,campinas,SP,Christopher,Adkins,top management,110150
a49928bcdf77c55c6d6e05e09a9b4ca5,3017,sao paulo,SP,Thomas,Gonzales,top management,67688
b12cfd255810394b60caef18ae163547,85810,cascavel,PR,Colin,Raymond,senior,120304
a1bea7061f61f6fdd9a85a6325ba1033,6311,carapicuiba / sao paulo,SP,Cynthia,Joseph,manager,113772
3c88ed2e76a2247933a15daa7161eb1c,13154,cosmopolis,SP,Brian,Gomez,senior,105560
51ed72984a04e5dd35c2b27e77179038,15050,sao jose do rio preto,SP,Nicholas,Brown,top management,117698
3ac588cd562971392504a9e17130c40b,13480,limeira,SP,Colton,Hart,manager,56410
606ce7768feac12c5e8bd58db8b08f0f,13084,campinas,SP,Justin,Ramirez,top management,127860
6879c4d287a8dd06b11f54ea8f78e4da,6186,osasco,SP,Christopher,Coleman,manager,125863
ccbd753e6863fe7314dc6c0ca5a074e7,89046,blumenau,SC,Michael,Perkins,top management,101338
0d85bbda9889ce1f7e63778d24f346eb,38414,uberlandia,MG,Carla,Miller,junior,97129
4c61e37f664c3c88aff092aa5ac779d7,24020,niteroi,RJ,Thomas,Montoya,senior,56534
b44dbfbf62e52125f3c15d230569ea91,4251,sao paulo,SP,Christopher,Freeman,top management,51530
d624126b9206f595fb3fbb6ba03b28a8,80045,curitiba,PR,Nicholas,Arnold,top management,77008
26d8a1c7c75d513045798992ead43aa2,86800,apucarana,PR,Courtney,Evans,senior,120460
e6a69c4a27dfdd98ffe5aa757ad744bc,4424,sao paulo,SP,Chad,Rogers,senior,92032
6bd69102ab48df500790a8cecfc285c2,4293,sao paulo,SP,Meredith,Little,senior,76610
f181738b150df1f37cb0bd72e705b193,6317,carapicuiba,SP,Jeremy,Nunez,manager,69750
4305fe92735c8a43d154ff6dd2b8d927,35170,coronel fabriciano,MG,Abigail,Zimmerman,junior,63666
4f1f1c8666cdb6442f775c4e8caed465,30240,belo horizonte,MG,Daniel,Holmes,top management,124487
7dea6f73af847b42cc3985bd620f994d,85813,cascavel,PR,Courtney,Mccoy,top management,55363
a0a14e50070f3225b3eabba5b85da517,81900,curitiba,PR,Regina,Alexander,senior,60912
bd4889b5e9133b35b66e42a8665cea5c,2963,sao paulo,SP,Sherry,Calderon,senior,121830
0b3f27369a4d8df98f7eb91077e438ac,7412,aruja,SP,Stephanie,Johnson,junior,121105
d5c530f4884a75ae0dba9c148718d278,35660,centro,MG,Derrick,Allen,top management,70931
5ab05b6d86d417796c69ffd6774ec832,19815,assis,SP,Matthew,Miller,junior,89704
d4d99b60c4c94cd35acd502cec65dc8d,4904,sao paulo,SP,Laura,Wheeler,junior,110456
9de4643a8dbde634fe55621059d92273,89225,joinville,SC,Thomas,Mercado,manager,94454
3be634553519fb6536a03e1358e9fdc7,8275,sao paulo,SP,Richard,Clark,top management,77477
b906dd0e57f282c7089171b6ed07982e,87083,parana,PR,Eric,Peterson,junior,64260
ed46f1eb4a638113deb2a1137b5f22e9,89080,indaial,SC,Jerry,Cooley,senior,57948
c8025364abeecb115431bf95c11a747f,90630,porto alegre,RS,Matthew,Jackson,junior,123265
04308b1ee57b6625f47df1d56f00eedf,88215,bombinhas,SC,Zachary,Fitzpatrick,manager,51487
457fe919b032a3f7dadba6fb92cf7855,13140,paulinia,SP,William,Mccann,top management,102837
f3055483058c84d75ca2a3314fb4deef,40368,salvador,BA,Matthew,Valencia,manager,105765
0ac4201fda2c68ebc0e47cb9423cf3c9,3345,sao paulo,SP,Scott,Smith,top management,58853
a2b5b6105ea5942300631d2e76f4ffe0,6283,osasco,SP,Heather,Ramirez,top management,69112
23d7c96d4a1160db1c726b248601b25a,13360,capivari,SP,Michael,Escobar,senior,86462
e883aa812c37a7413226856f4579fe91,6696,itapevi,SP,Julie,Riley,senior,68679
86bb7c4b535e49a541baf3266b1c95b1,14401,franca,SP,Christopher,Espinoza,manager,106748
cb810bd318f51b3dc3c753944d61a1fa,24240,niteroi,RJ,Sean,Hansen,top management,122704
c0563dd588b775f2e37747ef6ad6c92c,9220,santo andre,SP,David,Bailey,junior,80895
820cc752a266cdc6c1a1e61dd4583330,87050,maringa,PR,Jose,Roman,junior,69962
e5475dcab1e07b63d7f6e902d8f5eda8,9921,diadema,SP,Krista,Harris,manager,94577
333c4210e76a1aa2ab817b99437e3ff1,13880,vargem grande do sul,SP,Jessica,Smith,junior,50604
aded58c8142dedc5494a81f948431fab,22051,rio de janeiro,RJ,Nichole,Chavez,top management,52094
33a6f4b1e7cdc205511e76ba1b6e0186,7084,guarulhos,SP,Robert,Wolfe,manager,54323
91f848e9f4be368f4318775aac733370,3029,sao paulo,SP,Daniel,Hudson,senior,71488
7a67c85e85bb2ce8582c35f2203ad736,3426,sao paulo,SP,Jennifer,Alvarez,senior,88019
55029529919c0123526150bd26ca8f20,32280,contagem,MG,Justin,Grant,senior,102606
b372ee768ed69e46ca8cdbd267aa7a38,15013,sao jose do rio preto,SP,Anthony,Dominguez,manager,110027
d20b021d3efdf267a402c402a48ea64b,14940,ibitinga,SP,Leah,Smith,top management,73614
cf6f6bc4df3999b9c6440f124fb2f687,4937,sao paulo,SP,Jack,Smith,top management,57226
a3b42d266fa8afc874b909422ce88582,14620,orlandia,SP,William,Cowan,top management,71269
d63c73efd41eb002280e7ec831424edb,13405,piracicaba,SP,Megan,Scott,junior,84804
dc7192adf8ba09569261f4a8d576afe0,18401,itapeva,SP,Nicole,Nunez,manager,114661
0ea22c1cfbdc755f86b9b54b39c16043,35700,sete lagoas,MG,Ashley,Schaefer,manager,69256
be8e909810184b9b19e886129149d8e5,13418,piracicaba,SP,Kimberly,Bryant,top management,126305
269c5fc9fcadee614364c3620c30a1f9,7140,guarulhos,SP,Jorge,Peters,senior,108310
bbaff50f3b708fda865918715276cd87,12940,atibaia,SP,Thomas,Chambers,junior,122408
3b18f9856c6eb2413eafedb58e9eecd9,9280,santo andre,SP,Gerald,Sanchez,junior,110013
db2956745b3a8e9f3785c99f34b5d25e,11600,sao sebastiao,SP,Kevin,Conner,junior,77678
8fb791022c1fc8909664f48ab7dc636d,3976,sao paulo,SP,Heather,Lowery,manager,51269
232a6014e7b10cba61c6c2b2ea6bb4b0,16500,cafelandia,SP,Alan,Gomez,manager,107779
6614814a00d344b846ae209f95ee7e3f,17290,macatuba,SP,Amber,Barnes,top management,101472
59cd88080b93f3c18508673122d26169,11707,praia grande,SP,Francis,Singleton,junior,56502
fffd5413c0700ac820c7069d66d98c89,13908,amparo,SP,Mitchell,Weiss,junior,88255
712e6ed8aa4aa1fa65dab41fed5737e4,89560,videira,SC,Richard,Lyons,junior,74908
b5abf4f36adc043117b4fca82c22984c,72251,brasilia,DF,David,Gordon,junior,86600
6dd7dce75cd55c1ce255dc38d9f0cd46,88137,palhoca,SC,Amber,Powell,junior,86868
bbe87dce25ba8b38bb61cc7210a3f10b,13870,sao joao da boa vista,SP,Jesse,Cowan,manager,66545
99a25c39b28a74d1151c35c18d178292,2236,sao paulo,SP,Richard,Ramos,junior,118081
05730013efda596306417c3b09302475,88813,criciuma,SC,Dawn,Rodriguez,top management,71344
0b35c634521043bf4b47e21547b99ab5,84530,teixeira soares,PR,Adrienne,Torres,senior,80071
c35672b10ad50968f567ea3f4b91e877,26551,mesquita,RJ,Michael,Pennington,manager,116154
f5403d3f50089112c4eed37928b7f622,15600,fernandopolis,SP,Jennifer,Jones,senior,114919
f435898e493ba0356019a0b1cb8b55b1,81720,curitiba,PR,Richard,Klein,top management,122744
7adbd3210a7b3cc2235e225eef33574d,2544,sao paulo,SP,Tina,Nelson,senior,71529
d8cf3b6a2151949f930d0252b180ec42,87160,mandaguacu,PR,Jonathan,Howard,junior,97001
4ce8b55b4bfa4659184e7becc1fba3f2,83823,fazenda rio grande,PR,Michael,Noble,manager,102425
5d043cd5512d4bd2f88e5ccdd5736c38,2710,sao paulo,SP,Stephanie,Spencer,junior,93713
7a073a40a9d3f1fee8bc45670ea1e909,86040,londrina,PR,Jose,Barker,top management,113676
edb1ef5e36e0c8cd84eb3c9b003e486d,25957,teresopolis,RJ,Michael,Butler,top management,97572
761681a821d8275bc79f552116d06869,17606,sao paulo,SP,Jennifer,Melendez,top management,71907
3361277dc30b7cccdb0c286b24219756,87015,maringa,PR,Robin,Morris,top management,75746
519a7aa428f18d125a283cf8c014fdd6,89180,rio do oeste,SC,Phillip,Berry,senior,75040
3c7c4a49ec3c6550809089c6a2ca9370,3804,sao paulo,SP,Michael,Norton,top management,68840
53b0300ca793f9834cd69c0678d35ee8,13339,indaiatuba,SP,Emma,Joseph,manager,91224
822bad9bc42b51213ba522fe87b7ab5d,88330,balneario camboriu,SC,Jason,Duncan,top management,99011
48162d548f5b1b11b9d29d1e01f75a61,13403,piracicaba,SP,Brendan,Gonzalez,manager,118225
88ef59b51bdaa941d10a853429f2b6ce,83280,guaratuba,PR,Gregory,Leonard,top management,63840
1992f8fb6b19fcccd97ca819811e7267,1403,sao paulo,SP,Dorothy,Ruiz,junior,79351
3fd1e727ba94cfe122d165e176ce7967,14802,araraquara,SP,Heather,Elliott,senior,62121
ea4e9ce63a2134743b4a92777437fcdd,88135,palhoca,SC,Timothy,Todd,manager,68752
45a3d05fb00435e52a28859dd03703b3,7176,guarulhos,SP,Jessica,Jones,junior,121991
c3fe93ba3085f92855c97e57f38c8c05,81510,curitiba,PR,Katie,Bishop,top management,108016
9646c3513289980f17226a2fc4720dbd,12215,sao jose dos campos,SP,Kyle,Williams,junior,96362
52a52b9f656520e99716f5bc40f661c8,13573,sao carlos,SP,Jason,Ray,manager,50007
36a968b544695394e4e9d7572688598f,11010,santos,SP,Emily,Curry,top management,52049
4b5f66b7adcf57f1ecc0d3c07dd6b177,87025,vendas@creditparts.com.br,PR,Alexis,Giles,junior,125710
ec21206b7894c503788a684a7bc822a6,28950,armacao dos buzios,RJ,Jack,Branch,junior,76993
b1aaae6b66ad3c40f54b389d7ea4bee0,4714,sao paulo,SP,James,Burke,senior,124636
89ad3263c0931c47f976d7c5778e60f6,5127,sao paulo,SP,William,Sawyer,junior,55091
af4a0e4cfe1d9c26b6712b1be25a72e5,35670,mateus leme,MG,Eric,Gutierrez,junior,63097
6f1a1263039c76e68f40a8e536b1da6a,3581,sao paulop,SP,Charles,Johnson,junior,109525
5f67c6082caacb26e431a7b17940cece,87083,maringa,PR,Thomas,Butler,manager,80412
5721089ba9214e80074f27d5a03fc0eb,1408,sao paulo,SP,Jenny,Robbins,manager,126812
1782ce2db72c3dda627d5e7c898104e1,6766,taboao da serra,SP,Christina,Dougherty,manager,95559
8160255418d5aaa7dbdc9f4c64ebda44,14940,ibitinga,SP,Marc,Dickerson,top management,80590
cee48807215b30a12ca2ca10ffb5f250,11431,guaruja,SP,Kevin,Newton,manager,85301
8e670472e453ba34a379331513d6aab1,36087,juiz de fora,MG,Destiny,Williams,manager,125896
633ecdf879b94b5337cca303328e4a25,4438,sao paulo,SP,Benjamin,Rojas,junior,117349
05a940b4ecae36cadfd8e93bd9c43257,74305,goiania,GO,Jody,White,senior,109466
da7039f29f90ce5b4846ffc0fcc93beb,9041,santo andre,SP,Angela,Waller,manager,60522
4c03b9dd4c11ee2cb35c96c49efc9420,13232,campo limpo paulista,SP,Natalie,Barron,top management,113564
a5a1bfcf728ab0e19182959cf0771ee4,13960,socorro,SP,Jon,Stewart,top management,119546
431050a06a317f2b38168dec3dcd2b46,2475,sao paulo,SP,Kristen,Frey,senior,68597
40ec8ab6cdafbcc4f544da38c67da39a,85603,francisco beltrao,PR,Kathy,Farrell,top management,65649
ffff564a4f9085cd26170f4732393726,13070,campinas,SP,Jeremy,Garcia,senior,77516
bede56095ba33c42038fb85f707b8a42,13271,valinhos,SP,Thomas,Taylor,junior,66494
bbad7e518d7af88a0897397ffdca1979,1512,sao paulo,SP,Chris,Evans,top management,102753
a806a4bb063ea7ca6d374eafa50a6058,29161,serra,ES,Scott,Hendricks,junior,97473
1b1ae47a313a825a7ccceb8e2e30fa9d,83450,bocaiuva do sul,PR,Jacob,Cunningham,junior,108512
d9e7e7778b32987280a6f2cb9a39c57d,3304,sao paulo,SP,Jessica,Davis,manager,58003
99a54764c341d5dc80b4a8fac4eba3fb,3273,sao paulo,SP,David,Bernard,top management,109274
939f6e231201f26803cb5c3a3d2940b3,17051,bauru,SP,Kristine,Johnson,senior,104209
282f23a9769b2690c5dda22e316f9941,31573,belo horizonte,MG,Kenneth,Carter,senior,62954
427165bf50f8ca07efc7bdc2bfcf1688,13471,americana,SP,Joseph,Lopez,top management,77880
d03698c2efd04a549382afa6623e27fb,45658,ilheus,BA,Kevin,Baker,senior,66762
e21a1e8be4715b0fcfd5385643bc49c4,88715,jaguaruna,SC,Angela,Caldwell,top management,111887
1e26c56af8d48424e1df0140a2401f83,13911,jaguariuna,SP,Sarah,Mcfarland,manager,101208
8f119a0aee85c0c8fc534629734e94fd,6440,barueri,SP,Alex,Velasquez,junior,67610
fdaaf5bfda82b7b80535610c831b8d09,15015,sao jose do rio preto,SP,Sarah,Smith,top management,60353
b274baf5bbd142410eb2958cf685d684,95780,montenegro,RS,Sherry,Schwartz,manager,124996
bcc9dd23e2a8bd8267cf92b19304a1b9,14940,ibitinga,SP,Thomas,Johnson,senior,79293
751e274377499a8503fd6243ad9c56f6,13097,campinas,SP,Jerry,Murray,top management,65303
1fddcb7b326905d3ad5efe82187db347,2279,sao paulo,SP,Steven,Reyes,top management,86864
b1fc4f64df5a0e8b6913ab38803c57a9,24440,sao goncalo,RJ,Jessica,Key,top management,56163
4eb61f060e7dcc1d5a80d806c35cc541,5743,sao paulo,SP,Ruth,Flynn,senior,104493
1d0646a72178a6fb37ee8082140e06ec,89203,joinville,SC,Amy,Pena,senior,110237
0ebd97a106433a45a4aebe57c1799778,32240,contagem,MG,Eric,Henry,top management,74228
63bc58679c44e8a998792119fd7ad23e,5595,sao paulo,SP,Colleen,Dixon,junior,97998
101921376b577a4540dc30e9009133ca,13505,rio claro,SP,Gary,Young,senior,107749
f0ec78809fe0bc3edb11c9fe5b97b059,4291,sao paulo,SP,Mary,George,junior,64524
6219ba2359cfb97f2e38fd4c321eb309,2110,sao paulo,SP,Julie,Smith,top management,97106
a7f13822ceb966b076af67121f87b063,8577,itaquaquecetuba,SP,Olivia,Haney,manager,91100
4e8dacf3d38f281ae26c3e0321d92d88,8420,sao paulo,SP,Tara,Foster,senior,90502
78a4d36f65a019172c6154468831a69f,17018,bauru,SP,Aaron,Mcintosh,senior,57539
c64a2aec32cc408a8a4c6d7c46017f91,95625,imbe,RS,Alyssa,Ponce,manager,94415
cb162c8eef257253782d245c08d9097c,6419,barueri,SP,Taylor,Johnson,manager,78895
fc6295add6f51a0936407ead70c1001d,4101,sao paulo,SP,Sandra,Randall,top management,93945
f0e103c63864d5405b958d984b6e94c9,6150,osasco,SP,Adam,Smith,manager,56308
5def4c3732941a971cba8fdee992ede1,2113,sao paulo,SP,Tammy,Singleton,top management,63183
80e6699fe29150b372a0c8a1ebf7dcc8,83323,pinhais,PR,Terry,Hernandez,junior,108498
42ef3192a9ff87a22d1867b74b3ee205,9090,santo andre,SP,Jerry,Hernandez,senior,66040
a2deecd5398f5df4987110c80a1972a3,5043,sao paulo,SP,Sarah,Holt,manager,102913
9853a239ab7b7ebbdc3a21248d5b8e1f,83602,campo largo,PR,Jessica,Meyer,manager,92865
f8e2c1b59cd4225a3e4fd0d013a76b93,14021,ribeirao preto,SP,John,Martin,junior,118120
9c3c24eca51c52b91c1de727d2a2ae06,95020,caxias do sul,RS,Amanda,Ramos,top management,65096
f524ad65d7e0f1daab730ef2d2e86196,99300,soledade,RS,Zachary,Hill,senior,71915
aae5953b9edddf14749c0d65d60eb4b9,31035,belo horizonte,MG,Willie,Pearson,manager,65512
c003204e1ab016dfa150abc119207b24,7790,cajamar,SP,Kirsten,Alvarado,manager,50198
5656537e588803a555b8eb41f07a944b,72015,brasilia,DF,Jacqueline,Foster,junior,70663
503c1de08ae81a2d86f17951b204db55,3725,sao paulo,SP,Roy,Walker,junior,76729
b8bc237ba3788b23da09c0f1f3a3288c,88303,itajai,SC,Raymond,Lee,senior,104825
7816cd9c5b1238e320545f5bf7eb80e8,14801,araraquara,SP,Randall,Wu,manager,78461
213fafb0ca06fb3d5886579c2565791b,35700,sete lagoas,MG,Chelsea,Ward,manager,87259
404e1ba01358af4cd63f679b2c4d1fa1,36032,juiz de fora,MG,Jon,Lawrence,junior,119997
186cdd1b2df32caa72cfb410bba768d3,89295,rio negrinho,SC,Sierra,Ruiz,manager,82335
de23c3b98a88888289c6f5cc1209054a,5530,sao paulo,SP,Laura,Leonard,senior,73148
fe49ee029e61e789a1f3a5525f57ba8d,6018,osasco,SP,Leonard,Andrade,senior,76263
902c99f1ac505c0d18778b61bcd636f7,13840,mogi guacu,SP,Mark,Miller,junior,111474
94ca168e8bcb407ab85c5da308863027,16250,clementina,SP,Cassandra,Doyle,manager,78476
82921991ff5b557b045605b8bbf08d49,1023,sao paulo,SP,Sara,Macdonald,manager,125868
77128dec4bec4878c37ab7d6169d6f26,2610,sao paulo,SP,Michael,Gonzales,junior,68386
4bf658053d453036c70976bccb2c31b2,15070,sao jose do rio preto,SP,Lori,Krueger,manager,67601
e8a85b5f3df47be0984c55fd4064dbb4,71825,brasilia,DF,Michael,Smith,junior,123101
28f10b1c5e5abb9d4857745bede6147c,4250,sao paulo,SP,Krystal,Perry,senior,84504
48bad451945f5227341793478d6353ea,1220,sao paulo,SP,Joshua,Villa,senior,129910
2a61c271b1ac763450d846849783e922,9175,santo andre,SP,Robert,Whitaker,junior,65146
ba6ce6de456f6c11d08c17701ba5c26f,18044,sorocaba,SP,Charles,Jones,manager,67314
5dceca129747e92ff8ef7a997dc4f8ca,13450,santa barbara d´oeste,SP,Corey,Raymond,senior,63298
e1dc0754bada9ee4cfe9713f22f61292,25035,duque de caxias,RJ,Andrew,Vaughn,manager,127218
39a5005f2605cbdb4f9ac14485cabfd1,14780,barretos,SP,Harold,Rios,top management,123136
2bf28e311bba65237358230cabac3f15,86047,londrina,PR,Lisa,Wilson,top management,108253
0e44d110fa6a54e121cb2c095a77762f,7901,francisco morato,SP,Jay,Fitzgerald,senior,54736
3d871de0142ce09b7081e2b9d1733cb1,13232,campo limpo paulista,SP,Melissa,Martinez,junior,104947
bf0d50a6410d487dc97d2baac0a8c0be,13408,piracicaba,SP,Katrina,James,top management,108773
51e4e89242cbb846c2deff3dc015650e,96203,rio grande,RS,Michael,Robinson,junior,88756
86ccac0b835037332a596a33b6949ee1,89041,blumenau,SC,April,Villarreal,senior,101619
c97aa4ee7420f937da13b7f9e2228b99,93510,novo hamburgo,RS,Alison,Murphy,junior,81485
aac51c486b672a9850d59f3e84b1cf88,2752,sao paulo,SP,Brenda,Williams,manager,126127
3340ef1913fb70d28420f6ceb685c339,87040,maringa,PR,Amy,Smith,junior,108298
76de363de16dacc923eec8daf91df504,89825,xaxim,SC,Matthew,Harris,senior,97744
58b98ccb79873e04eac4357cacc590d9,13043,campinas,SP,David,Jensen,senior,111897
fc99f99385ae90f66f01733856fb88c9,18550,boituva,SP,Jocelyn,Pollard,top management,106177
b74d1c09cb380e1d03a6f859c6f4224b,20061,rio de janeiro,RJ,Reginald,Riddle,manager,55535
1bb2bdb95f4841f1bba2c0d2cd83d3c9,1257,sao paulo,SP,Ricardo,Jones,senior,74565
670c26e0f1bf8d0576271d5cfaec6d2b,87025,maringa,PR,Zachary,Morales,top management,124735
c32fc744b9160ac853450488e3cfea93,14020,ribeirao preto,SP,Amy,Stanley,senior,65259
59de1d4c8c057c2a53acd4ca66531af2,80215,curitiba,PR,Kelsey,Vaughn,senior,63774
e64882b4ef12aee8d0faca4db5b681f4,74210,goiania,GO,Cameron,Neal,manager,87493
1b65c144b17e607c0f37f10bb7dfec8d,89160,rio do sul,SC,David,Santiago,senior,56184
15ac3c501e2599e4917316fde5c5669a,4911,sao paulo,SP,Alexander,Taylor,junior,109630
f4aba7c0bca51484c30ab7bdc34bcdd1,1031,sao paulo,SP,Brandi,Pierce,top management,80403
e0878efa0e0b7e5313ac0b43bc04c081,80230,curitiba,PR,Evan,Griffin,top management,73686
03a2a6dcbe45d639c4dc2a0d24769c40,9340,maua,SP,Lisa,Johnson,top management,63221
327b89b872c14d1c0be7235ef4871685,69005,manaus,AM,Jennifer,Wilkinson,manager,95295
e9d99831abad74458942f21e16f33f92,3542,sao paulo,SP,Karen,Ward,junior,82545
a45765f8afb1e594b22bf9e974b46765,2411,sao paulo,SP,Sarah,Hall,senior,109825
dc8798cbf453b7e0f98745e396cc5616,5455,sao paulo,SP,Tonya,Bowman,senior,72687
d9cd369bffa979d1634f8e1318bf2f1b,15115,bady bassitt,SP,Justin,Collins,junior,59733
240b9776d844d37535668549a396af32,24120,niteroi,RJ,Michael,Owens,senior,50588
70f7e8018e3d46c748c92f026aa2585a,1314,sao paulo,SP,Jacqueline,Smith,senior,78094
d1e2fe627180431ffda076abb303c56f,25900,rio de janeiro,RJ,Christy,Bennett,manager,83058
3f2af2670e104d1bcb54022274daeac5,87240,terra boa,PR,Joyce,Cain,junior,116979
bb3dca718920a4d7ec3cc9ffb025108b,8011,sao paulo,SP,Scott,Trevino,senior,69732
babcc0ab201e4c60188427cae51a5b8b,13660,porto ferreira,SP,Angelica,Weaver,senior,95373
eed78ac17f7f795a19a709745f00cd4e,18608,botucatu,SP,James,Wright,manager,125274
a2e874074c877c5a05abae80ad6e488f,15070,sao jose do rio preto,SP,Gary,Jackson,manager,86911
abcd2cb37d46c2c8fb1bf071c859fc5b,78020,cuiaba,MT,Jillian,Chung,junior,63261
1703bc09972dab9782e7a9194943b69f,37165,minas gerais,MG,Debra,Osborne,senior,62429
365e445f796710c3431557e85caa25db,4083,sao paulo,SP,Melissa,Lowe,top management,59236
0bb738e4d789e63e2267697c42d35a2d,18130,sao roque,SP,Nathaniel,West,manager,77798
3d290fe363c60a77498c1126fd3fb8d3,6694,itapevi,SP,Brittany,Gonzalez,manager,63767
325f3178fb58e2a9778334621eecdbf9,6790,taboao da serra,SP,Jeffery,Stephenson,top management,123381
8c16d1f32a54d92897cc437244442e1b,89023,blumenau,SC,Shawn,Tran,top management,97502
f5a590cf36251cf1162ea35bef76fe84,9720,sao bernardo do campo,SP,Brandi,Weaver,manager,95587
61f159ef6da2d441951d2c0efa719362,29160,serra,ES,Lindsay,Huang,top management,70665
1e8b33f18b4f7598d87f5cbee2282cc2,2066,sao paulo,SP,Nicole,Hughes,top management,55202
59cea8e446d3834393058e7e0666b6fb,87050,maringa,PR,Phillip,Thomas,top management,117981
8c5e007d7bd5693fa1386ffefbc99f6c,13347,indaiatuba,SP,Tara,Miller,manager,122461
1da3aeb70d7989d1e6d9b0e887f97c23,4265,sao paulo,SP,Sherri,Mcmillan,manager,51961
5b67882648febfb6e1225e6ad7164f6b,87502,umuarama,PR,Mark,Hernandez,manager,95802
53e4c6e0f4312d4d2107a8c9cddf45cd,13920,pedreira,SP,Gina,Lewis,senior,122182
039e6ad9dae79614493083e241147386,3560,sao paulo,SP,Jessica,Schmidt,manager,83816
d65f31d2413268e671989503f6cf9993,13160,artur nogueira,SP,James,James,top management,75639
cad10cc982ab6a391570c211b995c17c,18701,avare,SP,Johnny,Ortega,manager,87447
527801b552d0077ffd170872eb49683b,17400,garca,SP,Christy,Mitchell,manager,109730
be67f78487e2cecb0d55bc769709e4f5,32419,ibirite,MG,Andrew,Rhodes,junior,125896
8ca1551acf9832a4cf467bbbac15851f,83607,campo largo,PR,Bonnie,Zimmerman,manager,87568
2ea0861cc19e94cad86438c984c52da4,3731,sao paulo,SP,Alexander,Salinas,top management,92839
7202e2ba20579a9bd1acb29e61fe71f6,14401,franca,SP,Eric,Avila,manager,86158
0509040ea3fe50071181bbc359eb7738,31710,belo horizonte,MG,April,Lowe,junior,113594
20fd2d2080ed85fa67fad3fcbb2c1813,83405,colombo,PR,Cassandra,Livingston,senior,77826
2039c5e51785b5dde7cf93ccb3b7be2c,14790,guaira,SP,James,Shaw,junior,97959
62de60d81c55c29d76a6bce418b31cef,14940,ibitinga,SP,Michael,Hanna,manager,87213
eaf6d55068dea77334e8477d3878d89e,4660,sao paulo,SP,Deborah,Gregory,senior,67344
e89c4adbe7b1d0819dbb636e16461cf1,13347,indaiatuba,SP,Lisa,Young,top management,54273
2e2f44824ab87a0cb961f68bf4073e7f,82315,curitiba,PR,Phillip,Sexton,junior,90430
85ecf03781da592876b7844acc1b729f,3658,sao paulo,SP,Kirsten,Parker,top management,106592
5c853bb56f70f4d14218944bae111d7a,6715,cotia,SP,Cynthia,Richmond,junior,110013
bba74270a87732727b5a3b4fd9ac1c39,32604,betim,MG,Joseph,Stout,junior,123082
e8ff5a6ceb895583033fc2a0f314e3c2,89063,blumenau,SC,Natalie,Stephens,top management,52083
835f0f7810c76831d6c7d24c7a646d4d,8030,sao paulo,SP,April,Gonzalez,manager,109572
702835e4b785b67a084280efca355756,36046,juiz de fora,MG,Brandon,Butler,senior,80580
4ea2f12dbe91deeacd2c1e74f069a6e6,2334,sao paulo,SP,Stephen,Peterson,manager,65773
a066df7361163e7ddc5d7452dd17448b,14401,franca,SP,Joshua,Jimenez,senior,55494
bc8c8d665ec4664d286be0d521722b19,4851,sao paulo,SP,Sara,Stevens,top management,101354
5e106d93b717c2682b9383da480364a1,85875,santa terezinha de itaipu,PR,Caitlin,Wolf,senior,103584
bd4431c1a8dfa744b59e1e2a8bc99b9e,20761,rio de janeiro,RJ,Jonathan,Singh,manager,101225
bd4ff04377f974574f7f0bf9d6ce7dde,17370,santa maria da serra,SP,John,Hubbard,top management,127401
3076499bbc033a927bf4a8a41bcf7fd4,15350,auriflama,SP,Jacob,Morris,manager,122077
010da0602d7774602cd1b3f5fb7b709e,9710,sao bernardo do campo,SP,Jackson,Bartlett,manager,61336
4d6fb82c629c7a5028bfd973c07b05e0,31525,belo horizonte,MG,Katherine,Payne,top management,105672
5d505d2298ad549e4e4e835562fa0c1e,16200,birigui,SP,Randall,Wheeler,manager,91924
5aaa890629f83706d8d9bfecd8377c1c,25720,petropolis,RJ,Joshua,Nelson,top management,91871
ad14615bdd492b01b0d97922e87cb87f,88704,tubarao,SC,Sarah,Moore,senior,52665
7df1fc11cc5cbc518b39faa60cf5d67c,79112,campo grande,MS,Richard,Pennington,senior,63176
238fac594e170b59c6d228f5a4f4f1d9,17300,dois corregos,SP,Ricky,Fisher,manager,65324
29c322e3f09f886f8bacbe91dfbd979e,97110,santa maria,RS,Scott,Massey,junior,84446
134a288e7de827ec5ec62e3ec9c3a295,3168,sao paulo,SP,Nancy,Jimenez,junior,99615
33fd411ed63a7c2f9005e3f065d9f85d,98290,condor,RS,Joanne,Lee,senior,112386
edb58a1390adf273840030a3d6253829,13414,piracicaba,SP,Jason,Ferguson,junior,66407
1e8c6a4c538f286aee9573239740a4b4,13251,itatiba,SP,Deborah,Torres,top management,108580
07de60b03d150fb3ea09eab5da5e4c8b,14940,ibitinga,SP,James,Bell,top management,81111
f1ce5fdecd64935c28b9ff932751d0dc,6539,santana de parnaiba,SP,Alejandra,Kelley,junior,59199
ede2977fbaf3738583170735ca403f6c,80010,curitiba,PR,Olivia,Ware,junior,55147
03bd479e1d9484cdb14104d3023f7321,38401,uberlandia,MG,Julie,Osborne,manager,83505
31e60bf8d103ce47932a85f5562deb16,74590,goiania,GO,Douglas,Kelly,junior,96527
83645b1645cdee8953ee54c29ceed564,85875,santa terezinha de itaipu,PR,Samuel,King,manager,101219
bdae679a9b282249bc23b9b69dae9a99,72210,brasilia,DF,Pamela,Bell,senior,115812
5cf13accae3222c70a9cac40818ae839,38700,patos de minas,MG,Laura,Shaffer,junior,107780
a247197e2e9c19a6a53a6888cb8b660f,15056,sao jose do rio preto,SP,Dawn,Stevens,manager,110347
249f0e9905a6e06ad6c6bea7547ab9f6,20950,rio de janeiro,RJ,Thomas,Day,junior,61749
96804ea39d96eb908e7c3afdb671bb9e,38950,ibia,MG,Dominique,Gibson,top management,78144
cd233f8bfa30ebfd651f47ee7d054951,16208,birigui,SP,Christine,Hall,junior,100200
3986c0b54f6b748b75e7bd4e092aa3e5,80250,curitiba,PR,Scott,Butler,top management,74593
5563732abe64c3036cb97ad924128dd1,7192,guarulhos,SP,David,Castaneda,top management,56657
51f108f62cb87d61918159902c8f8583,85801,cascavel,PR,Sherry,Long,top management,80681
134b867a0f7f8bbe6abf10f91874891e,13272,valinhos,SP,Jennifer,Jones,manager,96760
57c764b4a836300be881e2ff86e449f9,14021,ribeirao preto,SP,Amanda,Hill,manager,108780
2fa13c8bd5705d279f7ed5cc9ec61c68,4679,sao paulo,SP,Michelle,Walter,senior,85015
e627629ba868740e287800f1a9be81c2,1421,sao paulo,SP,Charles,Jones,senior,87455
c72de06d72748d1a0dfb2125be43ba63,46430,guanambi,BA,Jamie,Lara,manager,67624
8d79c8a04e42d722a75097ce5cbcf2ef,61658,caucaia,CE,Brittney,Torres,senior,69706
8060d731897e33b5c5ae575ce1e209e1,89052,blumenau,SP,Danielle,Serrano,senior,86858
4c4d546adf3c3868fe19c9ec6e9ffda9,87013,maringa,PR,Randall,Gibson,junior,62618
5a9c0859cb00fd8aa4db443837f0a700,89650,treze tilias,SC,Connie,White,manager,78682
cecd97bc34ed8330bd4cd15713eda670,89819,cordilheira alta,SC,Jeremy,Mcintyre,top management,90704
9c3a1c416c765687bc79a04113269929,35547,carmo da mata,MG,Tyler,Maxwell,senior,60848
8ae520247981aa06bc94abddf5f46d34,88370,navegantes,SC,Amy,Coleman,junior,116772
ac3508719a1d8f5b7614b798f70af136,92030,canoas,RS,Tiffany,Green,top management,81412
15cd6eefe58588619aaed41dfa6621b1,35400,ouro preto,MG,Cynthia,Hebert,top management,82168
4a3ca9315b744ce9f8e9374361493884,14940,ibitinga,SP,Derrick,Decker,manager,98976
478bfe564db21eeb44386606aa30b650,33600,pedro leopoldo,MG,Alejandra,Daniels,top management,64757
6d988d6174a2c27441597174f8905515,87070,maringa,PR,Jeffrey,Jones,manager,127370
ed49da7cadefc454d6a67de249eab240,5571,sao paulo,SP,Kelly,Mccann,manager,113163
6f892e20a171e98efe17fdb971ff319b,8270,sao paulo,SP,Ian,Garcia,manager,128237
4bfc7a4a1cf8d4d2121c27422d9e50b5,3111,sao paulo,SP,Tammy,Byrd,junior,80095
acadd4d36859671cb635527c6c977533,14270,santa rosa de viterbo,SP,Robert,Brown,manager,100082
034b9387752bfa309f350a70cd45ffa3,89036,blumenau,SC,Brian,Fisher,junior,63971
a1ed30492b3b798bc121845bc4aa7366,4708,sao paulo,SP,Brooke,Spencer,junior,109839
abbf6046bbdf1028606a5bc7f00c99e7,89820,xanxere,SC,Jacob,Freeman,junior,71952
901b460cdce0c64e471230d7f2f9f3a3,90620,porto alegre,RS,Marie,Mccarthy,senior,93735
81ed90f07c0bacb7594940ba2ef676aa,35500,divinopolis,MG,Matthew,Williams,top management,127652
11eac105f3f90a9b87b19c89d91e24f3,7411,sao paulo,SP,Julian,Mills,manager,128040
0725b8c0f3f906e58f70cbe76b7c748c,7023,guarulhos,SP,Gabrielle,Nicholson,junior,108673
d1a5cc844736958c11b8efab9a2b4c87,80310,curitiba,PR,Michael,Henderson,junior,54145
f35becee938e982bd615edf8ef12bcfb,19160,alvares machado,SP,Mark,Pruitt,top management,102534
634964b17796e64304cadf1ad3050fb7,21840,rio de janeiro,RJ,Michael,Wilkins,junior,99016
6624bc09786f0e41ae48dfc5eeb1a9e2,30390,belo horizonte,MG,Randy,Hampton,top management,81259
54219883e72aad869adfb2a54b7bfa0f,18060,sorocaba,SP,Patricia,Jarvis,senior,74811
5795aebfe331fbcd02a2c4b679fb7952,88132,palhoca,SC,Robert,Burke,manager,129384
6e2d3e2dc84fb30f6078f39dd3bddd6f,83408,colombo,PR,Glenn,Rodriguez,junior,107866
3078096983cf766a32a06257648502d1,13720,scao jose do rio pardo,SP,Kevin,Edwards,junior,89043
014d9a685fd57276679edd00e07089e5,87015,maringa,PR,Eric,Hall,senior,124256
656591be56071d4c9ef4e5fee78a578a,9180,santo andre,SP,Kiara,Carrillo,manager,91618
26562f211dd1364af2a8596dc945e8ae,9785,sao bernardo do campo,SP,Kurt,Smith,manager,77926
bccf933e006e9b94a6184af782963e77,19806,assis,SP,Dylan,Jones,top management,57645
12c2ed9cded6138cf0c75f525f565fc7,11709,praia grande,SP,David,Becker,senior,55324
961dff0a659b4561334372337dd897d9,21510,rio de janeiro,RJ,Amy,Arnold,junior,64070
b33e7c55446eabf8fe1a42d037ac7d6d,14850,pradopolis,SP,Amber,Morrow,senior,85883
2235cf78d3e2073a88146a9cb60f0dd0,4547,sao paulo,SP,Brian,Wilson,senior,51908
218d46b86c1881d022bce9c68a7d4b15,14070,ribeirao preto,SP,David,Reed,senior,76942
08d1c9478fb0d7d7fcac9c0da4e82fc7,31110,belo horizonte,MG,Rachel,Smith,top management,68194
dfc475d54e1b6dbeeb7d7d9bdaa63827,81460,curitiba,PR,Jennifer,James,top management,120484
813348c996469b40f2e028d5429d3495,13206,jundiai,SP,Kerri,Bailey,top management,96637
c394e193cda3b4225ff2094d32184849,4104,sao paulo,SP,Grace,Lopez,senior,61215
2745f798279e0ed033addcc1474776d7,3106,sao paulo,SP,Rebecca,Gomez,top management,99237
6b803197e03abd5056b4313306b4f29d,1123,sao paulo,SP,Dakota,Houston,manager,127716
bafc5aa11e413978be29040f51342e70,30130,belo horizonte,MG,Brandon,Gonzales,top management,80619
44717f64ec2a457979cf83c429077666,98780,santa rosa,RS,Sean,Thomas,junior,82978
b7cc6c5e001441ae8cdd5c69a480cbe4,89520,curitibanos,SC,Erin,Henderson,manager,82067
af7cdac9d9897cddead9c6b08976c642,18500,laranjal paulista,SP,Andrew,Moore,top management,123868
b3e2faf2c1004d674f16a3aa3197f0e1,14093,ribeirao preto,SP,Marc,Phillips,junior,119766
670a9dda115b5a88b18cfadee8de2332,14096,ribeirao preto,SP,Tara,Palmer,senior,110234
3b15288545f8928d3e65a8f949a28291,14940,ibitinga,SP,Jennifer,Davis,senior,93806
3e35a8bb43569389d3cebef0ce820f69,3124,sao paulo,SP,Amy,Wallace,senior,77197
81783131d2a97c8d44d406a4be81b5d9,18015,sorocaba,SP,Christopher,Long,senior,126668
29e6e05b65f93bc224c644319dc52ecf,36010,juiz de fora,MG,Sue,Roberts,manager,113456
cce6ab8d1682639fe45ab70234f1665f,81020,curitiba,SP,Michelle,Graham,junior,127118
e1643dff33666ca629e3644c02738179,3182,sao paulo,SP,Sarah,Carrillo,manager,122305
76623fde66e6b63b59440fd34160512d,7124,guarulhos,SP,Christopher,Smith,manager,52539
5275ca25d0358ca73864e0ae41be1320,7024,guarulhos,SP,Theresa,Mcdaniel,manager,114744
eb4df17aed01d918c65f0f8d650900c0,13140,paulinia,SP,Jeffrey,Dickerson,top management,54240
10089e9f2fd0c668a8fd4e52e1698888,15061,sao jose do rio preto,SP,Michael,King,top management,78850
c398bc00a606d33758afd91f4e64fd15,21740,rio de janeiro,RJ,Thomas,Jones,senior,85370
2f09f7d37a97956d11cc1a7cadd5262b,14090,ribeirao preto,SP,Benjamin,Brown,junior,71118
e58a5b390e28abc0b216cfb0e07d27d7,22640,rio de janeiro,RJ,Rhonda,Campos,top management,118855
f41ce2e25237f9092cd8e6e7516c7a2f,7013,guarulhos,SP,Michelle,Sutton,senior,78340
8e6cc767478edae941d9bd9eb778d77a,38442,araguari,MG,Catherine,Ward,junior,90550
028872bfa080090a9d0abd4f1af168f8,33940,ribeirao das neves,MG,James,Huff,top management,87151
1710c3aaa9c6b44ec3883ee0fe300e21,9551,sao caetano do sul,SP,Mark,Long,junior,71941
52d76513f0c4d97f3b99570e2c94ee31,93348,novo hamburgo,RS,Janice,Moore,junior,127002
dace965ca58120f92f8d742a9fa1864b,14015,sao paulo,SP,Tammy,Brown,manager,128550
f5b44895715ddfe3087dc414f30268f3,18017,sorocaba,SP,Steven,Roberts,manager,50867
c8467937e403e76a8ee9f0ab13f6f5ef,37704,pocos de caldas,MG,Miguel,Oliver,junior,64217
56f413900b5166ab4d730e9ac0b12cb0,18076,sorocaba,SP,Jason,Alvarez,senior,63886
3f8034bfc6b8b4135534975d49f04c63,81560,curitiba,PR,Jason,Thomas,junior,59956
4992e76a42cb3aad7a7047e0d3d7e729,3334,sao paulo,SP,Jeremy,Benitez,senior,64525
265fdc289dffa9f1ad801c74f7d0de47,15155,jaci,SP,Benjamin,Snow,junior,75441
0afccdb8a34ee5c79f7c06faf2b4d56e,38400,uberlandia,MG,Erin,Little,senior,63280
02dcd3e8e25bee036e32512bcf175493,32310,contagem,MG,Charles,Boyd,manager,89157
c9e5ad1f6647f5dbd1172adf6ae3cada,90240,porto alegre,RS,David,Burke,junior,90161
02a2272692e13558373c66db98f05e2e,20040,rio de janeiro,RJ,Jennifer,Hamilton,top management,90488
f783a638e9c6af4a7d0dbfde811e7a81,3063,sao paulo,SP,Olivia,Davis,junior,103217
0b18d63d0cd1d723567903fd34a07df2,5141,sp,SP,Alexander,Jones,junior,84117
3ef37b7ca6dd2b80bd8af81a62504996,1452,sao paulo,SP,Thomas,Kelly,top management,74423
dd4d95ba2d15c071e6c695e2ef6ce169,29315,cachoeiro de itapemirim,ES,Eric,Moore,junior,68686
7bb8fac2913a6064ec412e583c6d8b4d,17017,bauru,SP,Jamie,Flores,senior,68559
86649b1632b1c0e6c0bcb2c90a8b75d8,85884,medianeira,PR,Patrick,Fields,junior,69818
8dd386be0767c330276ea6a3f96532d3,88490,paulo lopes,SC,Amy,Hernandez,senior,85165
deaadd805612bf94faaa9fa702516e11,5756,sao paulo,SP,Adam,Foster,top management,89043
5e063e85d44b0f5c3e6ec3131103a57e,5302,sao paulo,SP,Katherine,Wilson,manager,54035
6e4f5ff6b086632ba8dcb558fb10249e,95270,flores da cunha,RS,Kyle,Baker,junior,77866
117cfc326c6d50da67ca858ff5c0c852,25530,sao joao de meriti,RJ,Anthony,Oneal,senior,56828
d25aa0aaacb370e912f8cf6efeba38b3,89108,massaranduba,SC,Michael,Perry,junior,111962
c0e6839516f5398edc34adf5f1d53d1a,11430,guaruja,SP,Grace,Brown,manager,128434
119c7f1a00ef43fad0e57604e76a747c,2614,sao paulo,SP,Joshua,Johnson,senior,67228
2953ce3a88f5e3c3b696d77fc9e4c8eb,4270,sao paulo,SP,James,Brown,manager,59385
bbf9ad41dca6603e614efcdad7aab8c4,60348,fortaleza,CE,Scott,Dunn,manager,67469
d7b2377bae6ace1b11fc69a11900ac36,2415,sao paulo,SP,Emily,Stewart,senior,91354
57fe6232e67823593374a2281d7a8af8,13360,capivari,SP,Diane,Johnson,top management,58092
4da0e408c99d2fdc2126dc9fce518060,86300,cornelio procopio,PR,Natasha,Baldwin,junior,118285
8b28d096634035667e8263d57ba3368c,12243,sao jose dos campos,SP,Douglas,Lewis,junior,86593
82cb9f452fe8334df74b22d37824b431,95013,caxias do sul,RS,Daniel,Harrison,senior,77055
9bc484c87d79cd4874e05ca182658045,2422,sao paulo,SP,Carla,Knight,top management,102097
c6218512d16fcac0af02fe92691cf274,32315,contagem,MG,Priscilla,Wright,top management,53656
d17f467e4bf608a510c20d82f4ba3b6b,95098,caxias do sul,RS,Samantha,Stephens,junior,58506
4371b634e0efc0e22b09b52907d9d469,2028,sao paulo,SP,Melissa,Shepherd,senior,79409
1b45169b635ef59425637e9a33eb5fb3,87050,maringa,PR,Martha,Lopez,top management,123366
bd23da7354813347129d751591d1a6e2,3971,sao paulo,SP,Beth,Gilbert,junior,127872
412a4720f3e9431b4afa1476a1acddbe,13060,campinas,SP,Audrey,Butler,senior,104001
7238a95bb63ef7e498389fb863b834a1,13487,limeira,SP,Brooke,Smith,senior,118127
26785a546900236d66f2e4197c211158,8430,sao paulo,SP,Kevin,Romero,junior,79502
b7ed9fb14c8eadb37adb9c45d67ab0fb,12331,jacarei,SP,Alison,Davis,junior,59463
a0d7fbb07bb5ebc3b05980e750db56f3,8500,ferraz de vasconcelos,SP,Ian,Cook,junior,60811
10264f60a8f0a4d2f30810f5c661c673,13090,campinas,SP,Joshua,Brown,top management,129184
35857757f553273b1056c1cabdace7fb,14020,ribeirao preto,SP,Lori,Mccarthy,junior,108801
538caafddff204241cecbf3a02e6b3cf,4516,sao paulo,SP,Wendy,Ruiz,manager,95698
913fd0ebba70bb919f7254a02239173c,89065,blumenau,SC,Brandon,Moore,senior,103634
b2eecf5ea250510da76590ca79d60e5d,3318,sao paulo,SP,Joseph,Adams,senior,57767
1c742ac33582852aaf3bcfbf5893abcf,30668,belo horizonte,MG,Charles,Rios,manager,120038
8f2ce03f928b567e3d56181ae20ae952,5141,pirituba,SP,Robert,Powell,junior,87625
4d9fea3499bdc22aa4da4e339365f215,4209,sao paulo,SP,Peggy,Delacruz,senior,76877
d4e12e7884759a14fa0f5f896c791cae,2242,sao paulo,SP,Dennis,Colon,manager,61755
e24fc9fcd865784fb25705606fe3dfe7,12913,braganca paulista,SP,Rachael,Duffy,junior,50256
5882f40daf39bc2a465e0cb453ddc222,5616,sao paulo,SP,Ryan,Casey,top management,92720
26e2c91ef821e1ff8985f408788fe35b,14940,ibitinga,SP,Brittany,Miles,manager,51760
53336f97ddbe53e2a617d07b17447b95,3461,sao paulo,SP,Steven,Lewis,top management,64902
fec8cd45395b3cb0c2b173d7739706a1,12270,jambeiro,SP,Linda,Richardson,junior,69821
e116c7455dd26a4d8c3e92532583905f,1140,sao paulo,SP,Ryan,Warner,manager,85097
900ba814c251a692506d7834c1218441,13328,salto,SP,Ashley,Rodriguez,top management,116553
afe0067131b73e40875c9b6c10bd2e21,35590,lagoa da prata,MG,Rebecca,Davis,junior,58916
542917da124346b47ea1ac79a93ce454,82560,curitiba,PR,Jennifer,Bradford,top management,110940
35b96509602ec4b7da831b5cd73ff2c2,93040,sao leopoldo,RS,Jeremy,Welch,junior,56051
4a23adac87cf538689fa600d976f78b2,4537,sao paulo,SP,Amanda,Parks,top management,66831
85cc55e048b6bcc90c75afe7f0e72f72,27345,barra mansa,RJ,Mark,Smith,manager,99824
2009a095de2a2a41626f6c6d7722678d,15025,sao jose do rio preto,SP,Nathan,White,top management,66032
3a52d63a8f9daf5a28f3626d7eb9bd28,71900,aguas claras df,SP,Juan,Jones,junior,104653
e9b6c33b71b67737693b4cfa68341c8d,3009,sao paulo,SP,Ricky,Stevens,senior,64063
c458e2045a8aa8964f8879af03fdcce6,9572,sao caetano do sul,SP,Johnny,Wade,top management,67753
6601ee6383e7f452be71929f8de48bbb,14027,ribeirao pretp,SP,Sandra,Wilson,top management,72451
5a4236931428800e9d9cc04af0987118,2916,sao paulo,SP,Crystal,Graham,top management,86586
258447aad3f7b01e2643c89f64dc5647,87210,cianorte,PR,Brooke,Carson,senior,98623
8a32e327fe2c1b3511609d81aaf9f042,2443,sao paulo,SP,Susan,Johnson,junior,127166
0f519b0d2e5eb2227c93dd25038bfc01,14940,ibitinga,SP,Danielle,Rasmussen,top management,63050
d7d517afce974cd491b8d52bb5b5b1fc,3508,sao paulo,SP,Samantha,Wiley,manager,94840
ec5c1d94df153d473b37f880977ae58e,21320,rio de janeiro,SP,Benjamin,Mcdonald,senior,129757
31561f325664a8a7aba4c8d0c3a9b3db,3287,sao paulo,SP,Jonathan,Brady,top management,129370
70c4eedec9cb4a85cda2f3f9673557b4,1208,sao paulo,SP,Samuel,Yang,junior,64613
4fb41dff7c50136976d1a5cf004a42e2,44002,feira de santana,BA,Alyssa,Ballard,junior,77708
d23019c84ffae2d5ef2270367b8605fc,86073,londrina,PR,Brandon,Johnson,manager,68814
ad8ada0ffa993cb1197d102d9ab21a3e,38445,araguari,MG,Christopher,Deleon,top management,108634
ce20a2ec1514c25e16f2b5b39bc818f0,5186,sao paulo,SP,Debra,Morgan,manager,110219
0f94588695d71662beec8d883ffacf09,88037,florianopolis,SC,Adrienne,Velasquez,manager,56436
3a79f35a2344ede41af21267f61d5ec6,13040,campinas,SP,Adrian,Barker,manager,124465
b586cd24c010a13916af621b0325fbba,89164,rio do sul,SC,Sarah,Marshall,top management,120482
2075d8cd4dd63ff12df0749a5866bb06,80010,curitiba,PR,Christopher,Ellis,manager,104890
0d83f8e03188682112cc0d93523705cc,91150,porto alegre,RS,Kristina,Dean,top management,88095
85044848b1b767db2a4a58526adef4b4,6018,osasco,SP,Faith,Flowers,manager,110929
c3251e13f1bbda6c74e37c160f991e19,13660,porto ferreira,SP,Julie,Cooley,top management,124446
4a1f694197d05fe70026b016a7316b41,13920,pedreira,SP,Manuel,Rivera,manager,117645
6ebf4eceee4dd9847201c82e77ef8123,23587,rio de janeiro,RJ,Kimberly,Rubio,junior,76075
0873d9f8f36123f8d910f4760e788cfb,6465,barueri,SP,Ronald,Kelly,junior,56553
a44fb5a447105f8469bdf16bf9159f25,91920,porto alegre,RS,Jonathan,Wilcox,senior,106836
dcf3755cefcdc158ad0b7bdde51e871b,96503,cachoeira do sul,RS,Cheryl,Hardin,top management,87890
4869f7a5dfa277a7dca6462dcf3b52b2,14840,guariba,SP,Sierra,Swanson,junior,84605
6bb66d9870c2e01c05655c7ed0e7ee13,4101,sao paulo,SP,Ashley,Gallagher,manager,84406
1c5e4e49b9079480255b49d50aac1aa9,11030,santos,SP,Virginia,Curry,top management,52320
6a3139c7bf09ece22a4713d956acbe5e,13790,sao sebastiao da grama/sp,SP,Jill,Bautista,junior,81040
37515688008a7a40ac93e3b2e4ab203f,17900,dracena,SP,Destiny,Mills,senior,58767
8fec2e460530482132c436cfb5439925,18500,laranjal paulista,SP,Paul,Dean,junior,128737
1746c1ae87ac63d530c7c943d0ac42e2,6501,santana de parnaiba,SP,Joseph,Smith,senior,108130
afac9f6b0c4e5f0a7ee87e922cd0f873,17047,bauru,SP,Debra,Ortega,top management,112622
3be5841cdcc46de4ed3f9116f104b2c5,6473,barueri,SP,Chad,Fischer,top management,77550
0249d282d911d23cb8b869ab49c99f53,5676,sao paulo,SP,Jessica,Kirby,manager,112120
23ca5f678e0b3ea6c630b30fa8bf51ea,2839,sao paulo,SP,Luis,Jennings,senior,71918
5eeb9c756d9780b96283e5a2ac6da334,14010,ribeirao preto,SP,Kristi,Lee,manager,84782
25be943a321c8938947bdaabca979a90,9725,sao bernardo do campo,SP,Daniel,Fisher,top management,54547
818d28f936e791926d33bcb6ee94ef79,4141,sao paulo,SP,Brittany,Cochran,junior,92521
bfd938b22bc99bce1ae60dc602889f52,22775,rio de janeiro,RJ,Amanda,Randolph,top management,71645
c12b92bf1c350f3e6bf88d3596219c86,17400,garca,SP,James,Nichols,top management,101032
97e995629983723d11830a829bc2b246,12604,lorena,SP,Gabriel,Saunders,junior,83648
ffa6adafb71b807dc13159e26431354c,86030,londrina,PR,Mariah,Moore,top management,125123
080102cd0a76b09e0dcf55fcacc60e05,31140,belo horizonte,MG,Jacob,Harris,senior,78171
5a6a02f419701fc8c605af71d4fc57a4,13465,americana,SP,Vanessa,Kelley,manager,85421
94b9108d4b637ba65bb4f1e53cfcf8d8,7221,guarulhos,SP,Tracy,Myers,senior,123197
0fe2d9733ed841eb064503920015a8c0,19906,ourinhos,SP,Ashlee,Lopez,senior,66374
154bdf805377afea75a3bd158e9eab10,14940,ibitinga,SP,Jennifer,Ray,junior,69777
b2ac621f0d0322434d04a12b078b9369,80220,curitiba,PR,Rebecca,Haynes,senior,115818
9c54608f0996c32ae4743089d915f845,87900,loanda,PR,Dawn,Davis,manager,56089
17306570e772e7718c92a562d33f5f1d,17250,bariri,SP,John,Pugh,senior,110501
244c2f1bff6afe1f2eaf9bfe9b2aed38,8832,mogi das cruzes,SP,John,Gomez,manager,80779
71039d19d4303bf9054d69e9a9236699,3018,sao paulo,SP,Peter,Allen,manager,117443
54065e9aef7e9e9c2dc23b7594db021a,20040,rio de janeiro,RJ,Heidi,Morgan,manager,72348
7ad41305e96a6cab8294cd65891e9a86,28810,rio bonito,SP,Justin,Cline,manager,105703
25e47381a6c510ddeb36084e33b89f0c,11720,praia grande,SP,Susan,Torres,manager,79839
4d6d651bd7684af3fffabd5f08d12e5a,17209,jau,SP,Frederick,Rodriguez,top management,73409
24a6daf925d9d591870a66660416de31,14078,robeirao preto,SP,Daniel,Kirk,senior,62242
f0563bacf40c311f1c4d3d6b67b8a7a7,88704,tubarao,SC,Brittany,Garcia,senior,87009
b76dba6c951ab00dc4edf0a1aa88037e,3237,sao paulo,SP,Jason,Santiago,senior,62039
1bc2e21de46adfea6b98cc96b00f3b40,89228,joinville,SC,Jennifer,Walton,top management,80866
b1204cfda1d4948679db3cfc0d3cb95c,7170,guarulhos,SP,Kathleen,Randall,manager,58470
b4ffb71f0cb1b1c3d63fad021ecf93e1,3880,sao paulo,SP,Wesley,Gonzalez,manager,114066
165b1235e9e9942cb5fae67103576fb0,14020,ribeirao preto,SP,John,Nelson,senior,74535
8eb88b0acb3f90a717ad659221471fa7,89504,cacador,SC,Carol,Glass,junior,75028
9599519be538b98748162a2b48248960,5008,sao paulo,SP,John,Anderson,junior,119274
0417b067eeab773d2f7061a726dc477f,89288,sao bento do sul,SC,Daniel,Saunders,junior,67913
c26ba52cf8d2f34915f2f6b7ffa0a3f3,21510,rio de janeiro,RJ,Karen,Santiago,manager,107372
e5cbe890e679490127e9a390b46bbd20,1041,sao paulo,SP,Todd,Austin,top management,117218
974cf2cb8f4b7add98709c30df02fe10,14802,araraquara,SP,George,Brennan,junior,55669
3c487ae8f8d7542beff5788e2e0aea83,72460,gama,DF,Chase,Gross,junior,129055
4a3ccda38b2129705f3fb522db62ca31,17504,marilia,SP,Bruce,Smith,senior,77411
876182d1918783bbe15233febfbd4926,4208,sao paulo,SP,Robert,Kane,manager,106819
33576ec5412fb5905d876f12f33bfde6,80040,curitiba,PR,Jennifer,Goodman,junior,99795
5b85809efd0d0e4dea1a9544e1280ed9,19020,presidente prudente,SP,Mary,Rollins,manager,115803
5566627eab3fe93fd6ee08798226101a,83005,sao jose dos pinhais,PR,Johnny,Contreras,manager,101855
e504a4e2efaa45cbff7e268a2c58c956,13520,sao pedro,SP,Juan,Carter,junior,71758
056b4ada5bbc2c50cc7842547dda6b51,26379,queimados,RJ,Stephanie,Hughes,manager,118378
1e483cc5c76fef08d3ca05f9a8af7d01,2929,sao paulo,SP,Susan,Rice,manager,76174
9b1050e85becf3ae99c1cf4934c9bc5d,39400,montes claros,MG,Jessica,Baker,top management,88692
b248792ac0b60ec3f93d80af1b4fae47,9560,sao caetano do sul,SP,Steve,Johnson,senior,80143
34056b8b55c1775a22af2331670a799c,16304,penapolis,SP,Daniel,Reed,manager,91145
21d59342ba150175ca2aa4f8faddeca6,8593,itaquaquecetuba,SP,Kenneth,Kelly,junior,85745
23c38debaffe4a25a30fdbd9b586a13f,18110,votorantim,SP,David,Rodriguez,junior,61575
d9c349beabc06aa6ff1c6d68b5e9e22e,3586,sao paulo,SP,Emily,Smith,top management,74544
49f8d2ea7b718d0ce587d34207caf2b4,9830,sao bernardo do campo,SP,Carrie,Stephens,manager,66203
bd1d49a326abfa9b1036772e40445430,17017,bauru,SP,Melissa,Sutton,manager,88639
6861de0f40cacb0602e473c51639f980,80420,curitiba,PR,Trevor,Jensen,top management,78146
c9c7905cffc4ef9ff9f113554423e671,6871,itapecerica da serra,SP,Eric,White,manager,80028
aa17b35ce4de7b565be3249ba838944f,13214,jundiai,SP,Dylan,Johnston,senior,52722
0887a9f087bcd5d9f6642b52f897fc6c,11990,cananeia,SP,Michael,Gallagher,top management,111485
abc015ebac1d283a323ca9db35ede4b9,14055,ribeirao preto,SP,Erica,Garcia,senior,95559
00720abe85ba0859807595bbf045a33b,7070,guarulhos,SP,Kyle,Estrada,manager,84613
75d34ebb1bd0bd7dde40dd507b8169c3,41820,salvador,BA,James,Pearson,manager,92365
e5e33c0d8e7e002f398f5dc4cbbb338f,17032,bauru,SP,Julie,Scott,manager,118783
8f54d64f28a993550aa7943f12572959,35160,ipatinga,MG,James,Simmons,senior,85272
91f5779a8731baca4809fdeade81803f,27321,barra mansa,RJ,Daniel,Smith,junior,124435
13074f016982ff2bd6c58ced8682f000,95705,bento goncalves,RS,Dennis,Lopez,manager,126919
bec568278124768c474ee90971ca94d1,3553,sao paulo,SP,Alexis,Lynch,top management,58377
534a01cc6df1e034e05c32028a291fa2,13214,jundiai,SP,Jennifer,Kennedy,junior,87020
cd3d09fbe6e3e9ff0c0ac0c300e93ae7,13380,nova odessa,SP,Lindsey,Mathis,manager,69106
57e632711dec9ec14ca7546769483e7e,88372,navegantes,SC,Timothy,Chen,manager,75322
cb3dd9ce66268c7a3ca7241ac70ab58c,3028,sao paulo,SP,Patrick,Kelly,top management,125030
094ced053e257ae8cae57205592d6712,14095,ribeirao preto,SP,Mitchell,Davis,manager,95034
9906e7aa42a3c067b7c9a564d01c4320,87065,maringa,PR,Rachel,Nguyen,top management,103899
1f1bb1f0859883505541bdd6606193e5,2124,sao paulo,SP,Leslie,Simon,senior,123192
4200ddf1967c5e41e48db62bc6d4b5ac,9710,sao bernardo do campo,SP,Patricia,Woods,manager,61440
ed9eef5be0992d413d251fadba1a410d,13845,mogi guacu,SP,Allen,Trevino,junior,53590
139157dd4daa45c25b0807ffff348363,3064,sao paulo,SP,Philip,Soto,manager,99459
c1849d4d32d7a6cecd5aa471809d3135,9070,santo andre,SP,Sarah,Dean,junior,73348
64b87978a11c1ea7501a89eabe8c2c1a,19300,presidente bernardes,SP,Kimberly,Morgan,senior,68600
33ab10be054370c254ddfcf0a6253422,22790,rio de janeiro,RJ,Deanna,Reed,top management,125971
bff9deb0ec77d437f3305a79cf25529e,13481,limeira,SP,Ryan,Shannon,top management,112141
3fefda3299e6dfaea3466ef346a3571a,82620,curitiba,PR,Brian,Garcia,top management,104759
236585a4ddb5fea9fa40233e2249ed91,95088,caxias do sul,RS,Kara,Stafford,junior,76111
499ec63c58e51296c9cf57edcfe1c8a8,2918,sao paulo,SP,Denise,Brock,junior,95041
6f83d9e4da896daae20b9b6b2d3ff8d2,84925,pinhalao,PR,Aaron,Adams,manager,97545
35ef5aa32949680f627efec3c23e705c,88960,sombrio,SC,Alison,Reyes,junior,113037
403aa86912527d730337ffcb0fb096ab,30220,belo horizonte,MG,Emily,Kennedy,manager,105057
ec8463980a4e0ea9f8517aea1ed0c419,88010,florianopolis,SC,Tara,Evans,manager,114115
c847e075301870dd144a116762eaff9a,38022,uberaba,MG,Emily,Bell,junior,69574
6c77cd583b36a13aacccf2b3ee23e233,17505,marilia,SP,Denise,Myers,top management,72104
5ef131ac72773e5b3f6c0d63cf424657,14075,ribeirao preto,SP,Hannah,Dixon,top management,58341
6cf476a4ca74498db55cbccdaa9dcfb6,2873,sao paulo,SP,Cindy,Sanford,manager,100646
c447f8dd3ed213f291d65ef074a268eb,19802,assis,SP,Stephen,Brown,junior,80448
4736e9d642ef4257cd7622516931eb51,13424,piracicaba,SP,Michael,James,junior,94262
a5cba26a62b8b4d0145b68b841e62e7f,87303,campo mourao,PR,Natalie,Sanford,senior,56180
a1bea9970d8f65b240555f99c2214f7f,83323,pinhais,PR,Brandon,Chase,top management,55858
1025f0e2d44d7041d6cf58b6550e0bfa,3204,sao paulo,SP,Penny,Wagner,junior,105718
a5dd1946fb63ada8bcaa0c9cd8f11e22,55002,caruaru,PE,Angelica,Brown,top management,119735
c5f7feb04a6a1fb3596322bfc3cf1917,9571,sao caetano do sul,SP,Richard,Jennings,senior,105448
c3e1abd72a42fe690fcd89cf5720fe29,13840,mogi guacu,SP,Elizabeth,Cain,top management,89262
891071be6ba827b591264c90c2ae8a63,3872,sao paulo,SP,Emily,Thomas,top management,68931
491a5ada3aa1678414e990262c4bbdc1,4208,sao paulo,SP,Laura,Barnes,top management,66331
84deb808079d1be601c209c1e771b1cc,81200,curitiba,PR,Angela,Miller,senior,68332
dd58ee93286b0821565574c570e9e1dc,81650,curitiba,PR,Donna,Sanders,manager,105987
9558aa23f77a9e0a0eca83540999f43b,86801,apucarana,PR,Elizabeth,Miller,senior,63513
3c4e0452bff7a2a788179488d3d77032,83408,colombo,PR,Marc,Hill,junior,66173
ca5832c6960267b71041f74bb39e8b12,89820,xanxere,SC,Anita,Alexander,senior,88031
668bf321538e5072858eaef6087ce027,83323,pinhais,PR,Eric,Cowan,junior,84228
01266d4c46afa519678d16a8b683d325,80250,curitiba,PR,Peter,Lee,senior,98770
6c99c983ce3b6ba0ab813e6790e81691,38400,uberlandia,MG,Latasha,Cook,senior,53148
6aa3928696eab49a19a466e665a649fd,26285,nova iguacu,RJ,Carol,Dunn,top management,68286
7d81e74a4755b552267cd5e081563028,4735,sao paulo,SP,Patrick,Green,manager,64609
f8d5c7085db9a4ad2b8c1ffbeb2798c8,4104,sao paulo,SP,Angie,Ritter,junior,121916
7586919161935337bf6b6d7ff5779648,21921,rio de janeiro,RJ,Linda,Vargas,junior,73018
47f55702f598c7c6cc8458b0fbc1c49a,36213,dores de campos,MG,Sharon,Boone,top management,115101
50a7e551a7b3f8d37cd6e32d8bfbe5ea,9520,sao caetano do sul,SP,Jose,Robinson,senior,121695
ea1776927851da2532aa70d6a32c095a,8223,sao paulo,SP,Julie,Willis,senior,108372
827f8f69dfa529c561901c4f2e0f332f,81880,curitiba,PR,Emma,Miller,senior,50707
60ad151920c4f6f3ebbe8cfdf6166779,6322,carapicuiba,SP,Charles,Ortiz,junior,63166
59fb871bf6f4522a87ba567b42dafecf,3655,sao paulo,SP,John,Andrews,senior,129241
fa74b2f3287d296e9fbd2cc80f2d1cf1,19023,presidente prudente,SP,Sherry,Williams,junior,70967
52454f90d4c30c016768db02f88c1a74,13091,campinas,SP,Gloria,Finley,top management,64473
a1043bafd471dff536d0c462352beb48,37175,ilicinea,MG,Sabrina,Sims,manager,124372
3338e7a0710a195872be80e0d2423867,13403,piracicaba,SP,Jason,Berg,senior,60039
8378eb36b6b70c5734e83ad7b8cdc3b7,88301,itajai,SC,David,Rowland,top management,83140
f7df46c1e0ec44eed5c6726478da4a17,93336,novo hamburgo,RS,William,Pitts,manager,68474
3fac58ce0ad699020c7944d53c41329c,3480,sao paulo,SP,Megan,Brown,top management,58867
debe6615cd90cc0c2eac2b8988e1f628,4282,sao paulo,SP,Sherri,Campbell,manager,101578
baa49d93c8c8841e27400a300f5d74b2,88113,sao jose,SC,Jesse,Ramos,manager,114036
5ca5d579b5857ee8709479b1047cecc3,4176,sao paulo,SP,Lauren,Jones,manager,86577
3b872fd4747f01cc56206f2934198618,14940,ibitinga,SP,Michael,Hayes,junior,70380
a4fc6eadaff1576af888509a53420f6a,9561,sao caetano do sul,SP,Henry,Brown,senior,58578
7402d13c03a7e91366337cd1de471144,86181,cambe,PR,Joseph,Young,junior,123435
6e4a902d1054e4e17aa6eab87fac1c75,18090,sorocaba,SP,Emily,Guzman,senior,91206
ff82e8873fba613f2261a9acc896fd84,35900,itabira,MG,Cathy,Haley,senior,84579
92eb0f42c21942b6552362b9b114707d,3504,sao paulo,SP,Jeffrey,Rivera,manager,125124
f125f3a310c2e5f822d116147de1e474,3068,sao paulo,SP,Eduardo,Edwards,junior,103149
72146da5774cabf2632faedcae097a76,85960,marechal candido rondon,PR,Jacob,Lucas,manager,107974
b9c0ffa92f3ff9a5a3d45ef7213c0842,8246,sao paulo,SP,Marissa,Spence,junior,99144
1d139e3a3b14025640d8df1b230aace0,14860,barrinha,SP,William,Barber,manager,126328
883dd81e82754ac2c65e9790a7db8c9a,81070,curitiba,PR,James,Curtis,top management,61458
09883d9ab71c8fe8a9bfc7fc3075b07e,8180,sao paulo,SP,Rachel,Thompson,junior,94850
2f1e7b90e01d9f086cbcb301c0c3d406,89022,blumenau,SC,Ruth,Smith,top management,53970
6bbcb8924baf70b7fe2fe2097e8cd407,89031,blumenau,SC,Brittany,Johnson,junior,113418
8e4f041ff58e7845456d3482524014b3,90250,porto alegre,RS,Jennifer,King,manager,127392
0ec28cec4046a4a199b6de9b4c891d97,74110,goiania,GO,Kristen,Santiago,top management,75138
5debea795b07621e1f90532e18f96145,86800,apucarana,PR,Marc,Brown,top management,83246
2709af9587499e95e803a6498a5a56e9,3813,sao paulo,SP,Amanda,Johnson,manager,58308
bd43e172d599bed47a85da877172ca8c,89280,sao bento do sul,SC,Paul,Lucero,manager,59708
725c32fa80c2faacc4fc88450d27314e,3320,sao paulo,SP,Derek,Jones,manager,85069
850913d59ce317156b00f3705f1c3edb,12942,atibaia,SP,Mario,Dixon,manager,59907
7354220fb240bde543b3c40c060d41e7,71215,brasilia,DF,Jennifer,Webb,junior,84066
e8b3a3a38279a82f0e5d006d5e5b7d2c,87230,jussara,PR,Jennifer,Brown,top management,121688
b17b679f4f5ce2e03ce6968c62648246,14090,ribeirao preto,SP,Jon,Willis,manager,77564
43a1d4bab73b816e44ef4e4facd9f9b5,87050,maringa,PR,Kevin,Clark,senior,90944
dd264199fc8b687ad029de7de6d760e6,85815,cascavel,PR,Julia,Perez,top management,80186
67225bff54a172ff67579aaf583efd78,85960,marechal candido rondon,PA,David,Glass,junior,111093
baeda7047354773262ba2405f97038ba,13471,americana,SP,Jamie,Holmes,junior,64905
167fd940acebc789debd6eb418c46e38,14405,franca,SP,Jill,Smith,junior,88032
4ef4c39cf3c24f326434cf0b2e48046a,5004,sao paulo,SP,David,Sims,top management,65739
ce616e1913288884e7742faac9d981db,6711,cotia,SP,Michael,Miller,top management,115384
a1474fd46fd3430168f7ec202da39408,83321,pinhais,SP,Donna,Reynolds,junior,70463
1b61fb1f0f2185d89e9a126c498e9cc7,87015,maringa,PR,Alexander,Richard,junior,110000
2ff6b7bff164ef05590a52734e1296da,86060,londrina,PR,Danielle,Olson,manager,123846
e4253cef933647000a82ff39c67b7bde,5856,sao paulo,SP,Alexander,Odom,manager,123199
3a3c180dd702a725bd0ba4117689239e,84600,uniao da vitoria,PR,Christopher,Hayes,top management,127550
bce6a5ecf98e99fd2a8868b15c51f04b,7180,guarulhos,SP,Kari,Rivera,manager,61078
ea65d8b58316a6f2362f2a9e4b3e86ad,13030,campinas,SP,Julia,Mcdaniel,top management,77235
686886775c8f6b1191c7b953fb52708c,13920,pedreira,SP,Stephanie,Harvey,top management,60400
0a85ebe4e328db81ac9109781205e2f7,13205,jundiai,SP,Ryan,Lynn,top management,87103
1660ad786c27fd935378b6192a90b417,9891,sao bernardo do campo,SP,Tim,Jackson,top management,125676
0db783cfcd3b73998abc6e10e59a102f,11010,santos,SP,Antonio,Wolf,senior,60941
52f9db5cfb423382a2fa5c9e39303202,19830,echapora,SP,Jamie,Berry,top management,129983
f307937c1bb287c3efc2a514b94b0d1d,38183,araxa,MG,Jessica,Randall,senior,74495
e88f7a2995ba184710d339c5c4bf2e30,15505,votuporanga,SP,Dale,Lee,top management,99428
b76a1f8356322f12529c37b67d5c96c2,11015,santos,SP,Ashley,Ayala,senior,71075
4aba6a02a788d3ec81c03137144d9a80,89460,canoinhas,SC,Robert,Davis,top management,82256
9449f25aeaf531019b76999ea49a6949,21040,rio de janeiro,RJ,Elizabeth,Gonzalez,manager,129422
431af27f296bc6519d890aa5a05fdb11,14110,ribeirao preto,SP,Paul,Johns,senior,118326
53088c75f948b48a7ece173ac17f0c12,95840,triunfo,RS,Taylor,Calhoun,junior,57536
0f80a40c312b2472dca482cf50f5186f,18681,lencois paulista,SP,John,Durham,manager,58575
544863df86ed3b78a04e0820d41430ee,29166,serra,ES,Robert,King,manager,95708
78ef7e885d17f35e2382a47aae8b8cce,96816,santa cruz do sul,RS,Lauren,Flores,junior,127661
0be8ff43f22e456b4e0371b2245e4d01,4461,sao paulo,SP,Heather,Alvarado,junior,71178
1835b56ce799e6a4dc4eddc053f04066,14940,ibitinga,SP,Stacy,Smith,manager,78154
2e13c71026e1a39ba5cc1b86dcb679aa,2265,sao paulo,SP,Nicole,Thomas,senior,78344
0af2ab31141893d26aca5a404a537dab,3431,sao paulo,SP,Michael,Gonzalez,junior,65001
13d058e4eeac2ce8217660b2f8a05812,6080,osasco,SP,Amanda,Garcia,manager,127312
e00d85ce20ea50c1224c66ca5050527d,6286,osasco,SP,Tammy,Thomas,senior,124184
e48b04bf1aa1ef711caebeb7aede6180,80240,curitiba,PR,Shawn,Wilson,top management,107591
f67efa3f0b6761102a7f8c6b7b571f5d,82300,curitiba,PR,Hailey,Smith,senior,124216
c273175f7c6c80fb02f051e2fc6d0d72,5849,sao paulo,SP,Grace,Shepherd,top management,117313
382229d1e840115ffe3dbf5ff460e417,23092,rio de janeiro,RJ,Kevin,Lozano,junior,126790
f09b760d23495ac9a7e00d29b769007c,15802,catanduva,SP,Anne,Brennan,manager,125360
5c243662ce92d84573bfaff24c3e3700,3702,sao paulo,SP,Brittany,Henry,senior,71906
38874e327ce94d11390b96eb42d61928,8577,itaquaquecetuba,SP,Sherry,Lewis,manager,128187
ab3e0c171fe84a7ba7de130f19cfb485,86690,colorado,PR,Tamara,Lee,junior,65682
85e7c62c1d6ea078c3897424f867a7c8,88220,itapema,SC,Nicole,Jones,manager,106273
262237171f48e85819065498cac80d7b,88352,brusque,SC,William,Murillo,top management,95733
fd386aa7bed2af3c7035c65506c9b4a3,4208,sao paulo,SP,Isaac,Thomas,junior,101342
b2f4d63c7203f539a78252565ca32257,28950,armacao dos buzios,RJ,Craig,Stephens,senior,87695
dd5450b022b2d00a2145a66331e1aef6,89208,joinville,SC,Luke,Hudson,junior,114813
ff4e2d38692ce827b1a4f4b8196e680d,3319,sao paulo,SP,Manuel,Johnson,senior,116161
7963e546f34e098b578f9ad102494601,5624,sao paulo,SP,Elizabeth,Steele,manager,69117
1588ac4010787100dddef64568f0ae35,87045,maringa,PR,Richard,Olson,senior,118964
41c2bad7229b0c25e6becf179ebf63ff,59020,natal,RN,Michael,Elliott,top management,52276
8b655f0855926bcb49f5835d38dfddf6,6192,osasco,SP,David,Campbell,manager,108469
a213f1bd6458f4a158f3746cb2514559,87043,maringa,PR,Leah,Sanchez,manager,99940
1b7e5006cb25dd23ce8686691013b121,2350,sao paulo,SP,Sheila,Smith,manager,64081
4559697a8f7e637227c2eeaed843baff,19029,presidente prudente,SP,Lindsay,Allen,manager,65133
4867209cb29b56b92893d7bde3ce8012,17209,jau,SP,Jason,Brown,manager,65201
19a7c9f66ffa6452ff4b4c0cca71da27,85880,itaipulandia,PR,Sandra,Harris,senior,70378
6fa9202c10491e472dffd59a3e82b2a3,18030,sorocaba,SP,Bradley,Anderson,senior,54171
20d53aad4fe5ee93a64f8839609d3586,37540,santa rita do sapucai,MG,Rebecca,Patel,top management,59674
42fa4ee7240e9b8eb4576358ec142ba7,95012,caxias do sul,RS,Jorge,Hall,manager,126105
c8660dcf9ba70575f45d80fe28c27713,2040,sao paulo,SP,Sierra,Davis,top management,52267
253c025bab43881055aeecde5e2d8b77,80620,curitiba,PR,Mercedes,Morse,junior,118747
7ecd59e5e20407131822c1a68ac59c1f,70719,brasilia,DF,David,Fields,top management,111844
c026ef0d72e9132d9fa112308090c8dc,20766,rio de janeiro,RJ,Tim,Bishop,senior,125536
0b09101900100c0e9d312861fad5a1b9,3168,sao paulo,SP,Anne,Oliver,top management,105855
e8f6dc8e6a1dcde89d20e3995c8d90b3,3476,sao paulo,SP,Darren,Ferguson,senior,115753
128f9bfbe4c7d5185033914b1de3d39a,12940,atibaia,SP,Brandon,Moore,senior,60981
a09a13f18ed27932d08438aa6f12756e,93800,sapiranga,RS,Lisa,Carr,top management,70548
81a1104df0f08b59c68aa5b03cfe398e,83020,sao jose dos pinhais,PR,Danielle,Cooper,manager,89554
3f84fefc07dc159b268d4a77d3e8c425,83833,fazenda rio grande,PR,Suzanne,Cook,junior,80749
750303a20e9c56b2a6bc45cdce0b897d,74333,goiania,GO,Dustin,Barnes,manager,52697
f8db351d8c4c4c22c6835c19a46f01b0,13324,salto,SP,Michael,Walker,junior,114270
0743a0239d764b9a0f959a57d07e36ab,3138,sao paulo,SP,Angela,Richardson,junior,56009
131fcb0a0c9a47bba4474aacff0f14b7,1201,sao paulo,SP,Matthew,King,manager,90971
1838dd9b8977065acf51d95e0053ea7a,30882,belo horizonte,MG,Melissa,Davis,junior,128519
1b8b75e227c9a9c100d0c210fb6176ce,5468,sao paulo,SP,Stephen,Zamora,manager,79093
eb1bf309f4f6af9a97e9ddac3fdbeabe,9961,diadema,SP,Emily,Johnson,junior,103261
5d378b73ab7dd6f0418d743e5dcb0bd1,1026,sao paulo,SP,Kurt,Gonzales,manager,121523
39d54ff918774174706fb065d7f9dc07,4243,sao paulo,SP,Karl,Williams,junior,58225
353e21e8bf8de2722b4fae1636664b76,92120,canoas,RS,Ashley,Stevens,top management,63021
5b33b527da3c5b969cc99dc435cad09a,87702,paranavai,PR,Amanda,Miller,top management,97877
c9d2ba8dde44a275ae06475ed1d2fafc,38400,uberlandia,MG,Kelsey,Anderson,junior,87071
d149de2f383552baea37a7198c2296ce,4193,sao paulo,SP,Jessica,Shields,manager,61745
bf961104a38e01b9062ee026bb657dee,14055,ribeirao preto,SP,Tracy,Fernandez,top management,103605
1ca7077d890b907f89be8c954a02686a,6506,santana de parnaiba,SP,Stephanie,Miller,senior,96253
89a51f50b8095ea78d5768f34c13a76f,71931,brasilia,DF,Anthony,Stewart,junior,105913
3a490ba60afa30ece0e7d50cfe74a4f0,31365,belo horizonte,MG,John,Nichols,top management,89789
455f46ef09a9e45667e2981df84b5cc2,18052,sorocaba,SP,Stephanie,Olson,manager,86341
651fe66032c9520ee5587f694908040d,94810,alvorada,RS,Kelsey,Hutchinson,senior,63183
6d04126aba80df143fd038e711b8fd96,20091,rio de janeiro,RJ,Frank,Whitehead,manager,60597
3febca52652e7209509ccfe61cbde40e,8596,itaquaquecetuba,SP,Alicia,Ruiz,manager,128403
d566c37fa119d5e66c4e9052e83ee4ea,4131,sao paulo,SP,Shannon,Hall,top management,64253
62d977e2b2aee830de3e039a28490d12,80410,curitiba,PR,Heather,Carson,senior,81918
010543a62bd80aa422851e79a3bc7540,1212,sao paulo,SP,Sandra,Harrison,manager,51408
7178e1eaa97257d8b6d4b80efd77a025,18270,tatui,SP,Kevin,Brown,senior,105066
2199e7fe213c16213bf5d6a7eadc9a5d,11900,registro,SP,Eric,Jones,manager,109824
984c273121e743dd14767befe6cb17f5,13474,americana,SP,Heather,Mosley,manager,112063
2b3e4a2a3ea8e01938cabda2a3e5cc79,4733,sao paulo,SP,Lori,Duffy,manager,126251
feb793c88d836c3a75efa4b5a3465d70,3165,sao paulo,SP,Melinda,Ortiz,manager,62512
e333046ce6517bd8bb510291d44f0130,18950,ipaussu,SP,Melissa,Alvarez,junior,90450
5a413ade68e8f8d93071a7f52a64cb9e,3679,sao paulo,SP,Christopher,Mendez,junior,84762
5a425cc503b39b262a847fd6212bf53b,86010,londrina,PR,Allison,Black,junior,62847
9535a841eecebed61a9fb1ac1cbb5597,1208,sao paulo,SP,Stacey,Pope,senior,68630
8f78f0903005064036736c7173a5c2ed,36325,tiradentes,MG,Karen,Pennington,senior,115899
9803a40e82e45418ab7fb84091af5231,75901,rio verde,GO,Zachary,Macias,junior,106972
43b2c864251aa0ce4030c746984e088a,71936,brasilia,DF,Janice,Lamb,senior,54413
83e197e95a1bbabc8c75e883ed016c47,25900,mage,RJ,Michael,Williamson,senior,111362
17908cf9b444ee34047cadd5c0f4a516,75124,anapolis,GO,Jessica,Everett,top management,128981
17eea220a40cc0d2c0c5346379682398,3565,sao paulo,SP,Louis,Cohen,top management,52566
270297ead4c65a6cd2593960d2af6b21,4696,sao paulo,SP,Shannon,Swanson,senior,62640
5f0057b677eb963672bf05dfa3f16c34,1309,sao paulo,SP,Brendan,Benson,senior,102330
8185694b58b2ba6de20fd41ae608bbea,6764,tabao da serra,SP,Clinton,Ross,manager,75084
17f51e7198701186712e53a39c564617,3908,sao paulo,SP,Taylor,Hudson,junior,63036
2addf05f476d0637864454e93ba673d5,70856,brasilia,DF,Brett,Sawyer,manager,121955
b67d6c666e8dce1d078c882825e12704,3641,sao paulo,SP,Rachel,Burnett,junior,128056
ead2bab70821ea148476ae9bc08548ac,31980,belo horizonte,MG,Dakota,Burns,top management,69806
fa14641f57b655e933124a9ea49cd7a5,1310,sao paulo,SP,Jillian,Collins,top management,96760
d1582f4043306e6b91afa6a8a884f898,3445,sao paulo,SP,Rachel,Fowler,senior,72032
d263fa444c1504a75cbca5cc465f592a,13478,americana,SP,Bob,Miller,top management,65453
f35b3c613c4f7b2275f4185d0a3c59ec,5417,sao paulo,SP,James,Perez,senior,96082
655220df33262c7e0c4949a147366f94,9951,diadema,SP,Eric,Salinas,senior,78968
ad8b531ae67582f096925cff5630d0d1,84172,castro,PR,Douglas,Howard,top management,78589
499185655c29ecfdbfe776ef7cf875b5,90520,porto alegre,RS,Ian,Odom,manager,100082
44f091b5abab8018f682fce8124b85e5,2281,sao paulo,SP,Julie,Bauer,top management,108067
7210cd29727d674c00741e5e387b3ccd,3279,sao paulo,SP,Sherri,Wolf,junior,111192
f4ce8ca9fa7157e3b33f536ac9a4487d,16306,penapolis,SP,Cody,Soto,junior,90108
0570350b23eda5444f8d1d9544932058,5104,sao paulo,SP,Deanna,Walters,top management,119661
de9727ca376d1be6ec121b110aa7954c,87114,sarandi,PR,Tanya,Colon,top management,61868
d3891911c2feae53c52fea2bd14054e5,6760,sao paulo,SP,Kathleen,Bentley,top management,62954
70a12e78e608ac31179aea7f8422044b,12327,jacarei,SP,Abigail,Wise,manager,87024
2eeb6531ee027a48d401e72bebdd87d3,12230,sao jose dos campos,SP,Robin,Figueroa,top management,108748
c1ed9e3daf6154542826a6996af0fb8c,88308,itajai,SC,Brenda,Fuller,top management,88183
d101c6da914ae3d53f7bee42283f2fe2,8072,sao paulo,SP,Travis,Dixon,manager,71100
a00824eb9093d40e589b940ec45c4eb0,18590,bofete,SP,Samantha,Ray,junior,65594
0015a82c2db000af6aaaf3ae2ecb0532,9080,santo andre,SP,Stephen,Stewart,manager,76314
808d4348b916efa08e766ebad39f61eb,2336,sao paulo,SP,Mario,Johnson,manager,75022
fb3cfbc8a86f5d7fbb4d36b8df63f60d,21825,rio de janeiro,RJ,Norma,Wright,manager,82023
80ceebb4ee9b31afb6c6a916a574a1e2,86026,londrina,PR,Jessica,Powell,junior,108955
2d2c62bef4c8ba0dd74e0e228e808539,14096,ribeirao preto,SP,Nicole,Kennedy,junior,68002
7c51de0ab286204ce75ff42bf7c10d92,88380,picarras,SC,Tracy,Brown,senior,81774
c1d1ebb4745cc43cb6f05e9c8a705c9a,8070,sao paulo,SP,Rebecca,Chen,senior,60102
8def3db7f272735afb2ecd03aeca09a7,28035,rio de janeiro,RJ,Anna,Jones,junior,66757
ff063b022a9a0aab91bad2c9088760b7,9171,santo andre,SP,Peggy,Glenn,top management,93453
82bd0703a4aefd6b599e5bfdaed378fb,17510,marilia,SP,Joshua,Howard,senior,90425
7fe21dd00d2f4943ae09525efa2fd674,20551,rio de janeiro,RJ,Debra,Armstrong,senior,68087
7ab0dd5487bab2dc835337b244f689fb,15013,sao jose do rio preto,SP,Susan,Harris,top management,84417
12a8eb0f8d1cd3270695bf2a99f55966,4607,sao paulo,SP,Barbara,Mcdaniel,top management,71375
beadbee30901a7f61d031b6b686095ad,7097,guarulhos,SP,Melanie,Rios,top management,86914
bc39d8938f90a3a2b98193723ed59774,7791,cajamar,SP,Ryan,Griffin,junior,73685
fd312b6bf05efac6c3772d5b52205d8a,18111,votorantim,SP,Melinda,Bailey,top management,115918
df683dfda87bf71ac3fc63063fba369d,95180,farroupilha,RS,Michael,White,manager,101653
25cf099de44674fde97473224f9d59ab,6716,cotia,SP,Rachel,Shaw,junior,66891
7139dc5186aa238b006e066d8fbab2e4,13901,amparo,SP,Larry,Adams,junior,121860
d94a40fd42351c259927028d163af842,37443,baependi,MG,Sophia,Bullock,manager,102900
406740ee611378a662d274c7d8c43c4a,29056,vitoria,ES,Victoria,Butler,senior,59110
6bd503a8230299c9316fb0f726933927,75650,morrinhos,GO,Mary,West,manager,100684
6576fd3e23c88f0e5d4d23f39bba0542,6766,taboao da serra,SP,Elizabeth,Smith,junior,88286
0885aaf116795758dfeb5f1032487bcd,8541,ferraz de vasconcelos,SP,Corey,Barnes,junior,95074
6288c69c4ce638e59925e59193f98b16,9010,santo andre,SP,Ryan,Nichols,manager,75050
dfc5fb7259bb2b599ca565e6e9448f0f,9780,sao bernardo do campo,SP,David,Hall,senior,88900
41958cbd3335433c8740300e8cd600d5,5051,sao paulo,SP,Tonya,Greene,senior,123713
3a3e46d10f74d8a6ca76e2b538f106a0,2522,sao paulo,SP,Erin,Miller,junior,54632
2d2322d842118867781fc737e96d59a1,5879,sao paulo,SP,Lisa,White,senior,102466
e4fc40017a6d22c46a14ac2e17f87c3e,86702,arapongas,PR,Richard,Marks,senior,126066
5a9b3bcab695173c820e53934574ae80,13320,salto,SP,Jennifer,Chavez,senior,98035
2bf6a2c1e71bbd29a4ad64e6d3c3629f,28615,nova friburgo,RJ,Brian,Jackson,junior,105254
7c4618c82226628831613e95e9c22f44,18136,sao roque,SP,Stacy,Reed,senior,50457
06579cb253ecd5a3a12a9e6eb6bf8f47,4007,sao paulo - sp,SP,Eric,Munoz,senior,67337
8ab42aa58097fd4668d60cc648225d5f,74150,goiania,GO,Jason,Huang,senior,69023
4978a02ea9c8be7a9b5480680f40334e,8215,sao paulo,SP,Colin,Lopez,manager,126160
8e29d051f810eb22959ede205b462b9f,15131,mirassol,SP,Casey,Lewis,junior,87377
ccb83a794700270fde70898fe9ff368b,88960,sombrio,SC,Timothy,Poole,junior,65335
612a743d294c27884fb7b80d2b19ba35,80620,curitiba,PR,Sarah,Drake,top management,90431
cb6c9f5888a7a090c75beaf615925792,29100,vila velha,ES,Suzanne,James,junior,127682
c12d7463a579237ffb9248bd7cff378b,8275,sao paulo,SP,Danielle,Martinez,top management,121771
fe701d88b67eaca109dffd464d1be9f9,24900,marica,RJ,Victoria,Rivera,manager,64390
46dc3b2cc0980fb8ec44634e21d2718e,22240,rio de janeiro,RJ,Ricky,Neal,top management,115945
fedaedd3ca31d56ab33e92035e4b361c,24310,niteroi,RJ,Corey,Thompson,top management,106896
dbc51f5e45d654ecc16cb68e6817ecea,14402,franca,SP,Christine,Allen,senior,116927
81f89e42267213cb94da7ddc301651da,19063,presidente prudente,SP,Sean,Wilson,top management,117005
630008e0f062605a415d694489f6f82e,1026,sao paulo,SP,Lauren,Perez,manager,61639
58f1a6197ed863543e0136bdedb3fce2,36407,conselheiro lafaiete,MG,Victor,Meyer,manager,114778
df56d7b40d437f88407c5f78b63bc328,85812,cascavel,PR,Karen,Bowers,senior,81083
165fc07beebdcb6190fba8a06db2a449,87015,maringa,PR,Jesse,Perez,senior,98909
0691148aee60ca47977c187804f935ae,86010,londrina,PR,Brandi,Novak,manager,121663
cac876b37d3abcd6bd76caca30277996,85816,cascavel,PR,Jo,Hernandez,junior,111307
9ac4f14370b1e24ddc58be041b7f99df,76330,jaragua,GO,Jason,Brown,senior,89080
70eea00b476a314817cefde4aad4f89a,13250,itatiba,SP,Rebecca,Diaz,senior,95753
282c7480173bb9c01dd41cc739fec010,4795,sao paulo,SP,Eileen,Leblanc,manager,120542
c840d3fdbba0790404fdae73d253b253,81530,curitiba,PR,Anthony,Montoya,manager,96509
4f40d2ed38d1cc945364a7cd202a82c7,2337,sao paulo,SP,Jessica,Hood,junior,117153
9cad4b68bb993ee401a3c5aaa2bc26dd,16200,birigui,SP,Tiffany,Chen,junior,72056
dbbcfe2c8d026742134ac3e28ccde274,81630,curitiba,PR,Wendy,Garrison,senior,76166
2fdde51ad3e12f297da656d4fbd5d0b5,89228,joinville,SC,Julia,Odonnell,manager,128678
7040e82f899a04d1b434b795a43b4617,1026,sao paulo,SP,Anne,Smith,manager,58072
83a75eea11694e36e56dd0cb2240229a,13905,amparo,SP,Danielle,Wolfe,top management,122918
a1544b9ea0b2390e020537d4daa89049,13211,jundiai,SP,Troy,Morton,senior,99173
b8a0adc91af209270c2c725168eb00fd,14940,ibitinga,SP,Maurice,Bowen,junior,97771
20b54c376b794ed028df09a3cd88e8dc,9560,sao caetano do sul,SP,Lance,Gardner,top management,70464
5415337f1863452476d42d9f14a16a61,30840,belo horizonte,MG,Amy,Fox,manager,105556
e0482f2c769468c3bbcd8a01e09d98c5,2320,sao paulo,SP,Kathleen,Lester,manager,79304
3fe7120d6257285ac6a3ce7cb071ccec,35044,governador valadares,MG,Melanie,Green,junior,103206
7daca0837f033a41a6f3428c18657533,15170,tanabi,SP,Troy,Jordan,top management,77148
d66c305afaec317ebee552073a674429,33936,ribeirao das neves,MG,Anthony,Wall,senior,70815
a5ff20ff766e7f50bd5066f33da14413,5522,sao paulo,SP,Catherine,Green,senior,51740
adbe70ab2c97442046d393988c8d1d27,9321,maua,SP,Maria,Mann,manager,102097
74c7dec0a384d8a05950e629bd23bde9,13845,mogi guacu,SP,Brianna,Guzman,top management,82394
42bde9fef835393bb8a8849cb6b7f245,71551,brasilia,DF,Krystal,Christensen,junior,77087
89bc797e2e29667aa035d4368f9b7f92,2969,sao paulo,SP,Linda,Gonzalez,manager,119575
f9eedec3129e8cc6b6429c42d0808c5b,22793,"rio de janeiro, rio de janeiro, brasil",RJ,Glenda,Brewer,manager,104445
66922902710d126a0e7d26b0e3805106,31842,belo horizonte,MG,Darrell,Mcintyre,top management,97026
32f1bb9dfa65bc7df5c0d9d95a616be4,4705,sao paulo,SP,Bryan,Fields,senior,107489
05f51e13da97139648b8125c31e5f51b,31910,belo horizonte,MG,Keith,Austin,manager,77175
c43d924a0f1688ee9fae0efcd6f539d4,20710,rio de janeiro,RJ,Deanna,Davis,top management,129223
91543f9849d68d023e17194926598543,89041,blumenau,SC,Frank,Chapman,junior,109595
3ded4e2d5f135cb103e5949d7263d2dd,37550,pouso alegre,MG,Nathan,Bright,top management,102251
7d456afc660226829370f3173d14520c,8820,mogi das cruzes,SP,Jasmine,Stone,manager,73189
1900267e848ceeba8fa32d80c1a5f5a8,14940,ibitinga,SP,Joshua,Gibson,junior,71761
4ce6e5f6c52515177e18c1c9361d8677,9895,sao bernardo do campo,SP,Devin,Ross,manager,76090
157c3e4b42f81ac4a44e8b1ca2fe9876,3211,sao paulo,SP,Travis,Robertson,junior,58972
9fbd5666d8618fa571c4230fafa09bd6,4360,sao paulo,SP,Donna,Zuniga,manager,84510
eb9cd5b35d95206585e2185318cb5c61,3064,sao paulo,SP,Theresa,Brown,junior,111477
08d2d642cf72b622b14dde1d2f5eb2f5,17512,marilia,SP,Emily,Montgomery,top management,96925
525e75a6fb1454a2325ab1734bcec221,6453,barueri,SP,Kimberly,Hopkins,senior,68955
0e982cff76cc0579f632cea8a0e38c9d,88316,itajai,SC,Brian,Branch,senior,108801
bc30de0d71bd6260b936a026b5cf7200,13920,pedreira,SP,Timothy,Rivera,senior,99952
014c0679dd340a0e338872e7ec85666a,35180,timoteo,MG,John,Harris,manager,63754
78ba5933c21686d1c2f64669c8c459e7,8810,mogi das cruzes,SP,Chad,Johnson,manager,75532
6ee85be3693ed79a8e80718743d80655,3937,sao paulo,SP,Christopher,Wilson,top management,54192
63272377184e969942f7fff221be858d,3340,sao paulo,SP,Danielle,Nguyen,manager,68507
d5ba419e26d246a0719437cf37d9b46d,3437,sao paulo,SP,Rebecca,Campbell,senior,56854
15aac934c58d886785ac1b17953ea898,29480,muqui,ES,James,Gardner,manager,96445
0b36063d5818f81ccb94b54adfaebbf5,89255,jaragua do sul,SC,Andrea,Scott,top management,98836
f789d2c4f2c2eb38fc4373e7a4b35264,36010,juiz de fora,MG,Susan,Stephens,top management,77441
fcf16b7a8697e559f0123190bb30177d,3679,sao paulo,SP,Brianna,Ellis,senior,50742
880eda903e719a5f179f7e9fceb3a69d,14610,ipua,SP,Rachel,Benson,junior,62885
7f5e4d5efad7e44b91115dd1decb65f3,12306,jacarei / sao paulo,SP,Samantha,Mullen,manager,68298
299c89a525fee36c567f4fe72f038100,63540,varzea alegre,CE,Pamela,Perez,senior,122708
87b740daf17b5d1be335a64164ec6842,8615,suzano,SP,Brian,Johnson,manager,118762
d4f91e8be86b38da2ee35bc489645a9d,12512,guaratingueta,SP,William,Burns,manager,92175
eb3071b9f0b0ddaa2df5ea130f09f26b,4281,sao paulo,SP,Lindsay,Brown,manager,78010
7b3f6ce5c6c22e9b96e7581ebf0df6e1,13710,tambau,SP,Kristen,Figueroa,manager,66959
31da954dc0855f2495c6310f70a2f931,13601,araras,SP,Marcia,Mcguire,top management,67104
63b9ae557efed31d1f7687917d248a8d,13720,sao jose do rio pardo,SP,Bianca,Winters,top management,72371
ef9952469137ff190bacafe117f51537,38022,uberaba,MG,Brenda,Sanders,junior,83277
c18309219e789960add0b2255ca4b091,20521,rio de janeiro,RJ,Lisa,Rose,junior,103570
4a82168aaef173cbb6e46ae88728f919,84500,irati,PR,Scott,Franklin,junior,108162
17e34d8224d27a541263c4c64b11a56b,14085,riberao preto,SP,Kimberly,Fisher,junior,85897
e2aee0892199b1d92530e371abd825bf,86600,rolandia,PR,Victor,Williams,junior,107205
870d0118f7a9d85960f29ad89d5d989a,37708,pocos de caldas,MG,Nicholas,Edwards,junior,117479
eb9267cccc90f1b49c8d2f9887c7dd97,52011,recife,PE,Melanie,Johnson,manager,80431
5de1c80811ce7007f62f00d971236c09,88063,florianopolis,SC,Julie,Michael,junior,102008
ec8879960bd2221d5c32f8e12f7da711,13253,itatiba,SP,Brett,Rodriguez,junior,86785
586a871d4f1221763fddb6ceefdeb95e,90630,porto alegre,RS,Paul,Cruz,senior,73261
a35124e2d763d7ca3fbe3b97d143200f,4041,sao paulo,SP,David,Thomas,junior,108616
9198786624eaeb375793215cad26cfa6,89136,rodeio,SC,Kristin,Harris,manager,99814
fe1b067411b8c5066e962aa146ccee03,19020,presidente prudente,SP,Nicole,Roberson,junior,67788
6b9b80d53ba3676eafe60268a810b5a1,31160,belo horizonte,SP,Ashley,Meyer,manager,125114
a938325a4b357fd23a6a4d5bb126408e,26510,nilopolis,RJ,Andrea,Smith,manager,68880
f1b854361f4e15d5851b494df66f22b2,20020,rio de janeiro,RJ,Clifford,Jenkins,junior,80672
3d49bfdd1b43a7fe169b3740067acc61,39400,montes claros,MG,John,Tanner,junior,112886
9df5750209b83567ec144eb299d7d634,93032,sao leopoldo,RS,Steven,Thomas,top management,103443
3d62f86afa7c73be2628a3be1423f5a0,12327,jacarei,SP,Scott,Clark,junior,77299
497709c2976a8fa308730a2dec5b0726,9981,diadema,SP,Bradley,Davis,top management,85365
e73bf2cea7fe4b0b4d287a7568ed1099,89812,chapeco,SC,Brandy,Todd,senior,68092
778323240ce2830d68aab11794e00bfb,13600,sao paulo,SP,Kenneth,Thompson,manager,65654
2493dc3f20131696a0ecdb9948051a8d,71065,brasilia,DF,Ryan,Miller,senior,126751
a3dd39f583bc80bd8c5901c95878921e,41342,salvador,BA,Robert,Lynch,senior,86896
4342d4b2ba6b161468c63a7e7cfce593,22793,rio de janeiro,RJ,Shannon,Murphy,manager,107346
06df0c10d34e459d9672bc77388742eb,87045,maringa,PR,Bryan,Perez,senior,88453
89757206b887aed36f3e18d858460fea,3121,sao paulo,SP,Christopher,Hughes,top management,77515
d8b8f2cf9ff6ba0389072541cb42498c,73813,formosa,GO,Robert,Hall,manager,126737
3c03b12bab54d8b37d79d914bfdb1aa0,25561,sao joao de meriti,RJ,Joshua,Barker,senior,81762
9d5a9018aee56acb367ba9c3f05d1d6a,74930,aparecida de goiania,GO,Sarah,Silva,senior,60708
f9244d45189d3a3605499abddeade7d5,3029,sao paulo,SP,Michele,Roy,top management,122530
2b3b9ce054da76a7428df143a567b156,3572,sao paulo,SP,Courtney,Castillo,top management,90079
198c7ea11960a9844b544d9bcdca860c,37590,jacutinga,MG,William,Mclean,senior,123623
a478c7961d6a992065b24e63b366f90b,89036,blumenau,SC,Travis,Marshall,senior,79617
30c7f28fd3a5897b2c82d152bb760c17,24020,niteroi,RJ,Miguel,Leblanc,senior,71246
66e0557ecc2b4dbea057e93f215f68d8,4771,sao paulo,SP,Mike,Jones,junior,79775
be1e9e378700cecaa4ebf71433d7915c,14025,ribeirao preto,SP,Sara,Smith,junior,106230
21e83881401b92b49fb09a16d3852291,38405,uberlandia,MG,Anthony,Gordon,senior,89164
55c96925041a14097b6a7825554f4ad5,2122,sao paulo,SP,Susan,Gardner,manager,129248
918f6fbcf3ab724d805867303e593a1b,13273,valinhos,SP,Ryan,Fernandez,manager,67026
daeb5653dd96c1b11860f72209795012,31310,belo horizonte,MG,Paige,Logan,manager,60180
228e4c1a0be164f613d41c24345f9d2c,86360,bandeirantes,PR,Brett,Vargas,manager,63570
5145090ab595c0d0b8557199f5701fbf,82900,curitiba,PR,David,Greene,senior,113175
87e24fc7052259b1f7f607d61c10d8be,5734,sao paulo,SP,Sara,Williams,junior,80283
d66c11a9572221d92fbb8c4897db5f9b,20770,rio de janeiro,RJ,Andrew,Perry,senior,120180
e2c92f9c1c7746d899d18f2e158bbff7,15054,sao jose do rio preto,SP,Gina,Williams,junior,107484
ea67327e24487bdfac5fbfa37ea124df,14940,ibitinga,SP,Erin,Buckley,manager,85874
db6a4d4b5f1f5f98820ce6ce2619e2de,2968,sao paulo,SP,Sara,Carroll,manager,55245
1d1bbb8ac1581824986f582583fff01d,89082,indaial,SC,Aaron,Curry,manager,91305
f90f77ef2799a27f80d90c425ca944f7,86020,londrina,PR,Laura,Peters,senior,99713
bbf4a892cac7b82422baa711dffb8997,82200,curitiba,PR,Kevin,Malone,top management,58011
39f776d2974049026ff531fc42ef2a3e,74835,goiania,GO,Zachary,Watkins,manager,69942
c70c1b0d8ca86052f45a432a38b73958,13186,hortolandia,SP,Jacob,Terry,manager,110941
9e6967d3cf386d284251784b18ccb485,9550,sao caetano do sul,SP,Ricky,Thomas,senior,88940
747e73c01a4593d4cf60dcf970fd2689,55602,vitoria de santo antao,PE,Anna,Russell,manager,111013
63704069d9bd3a75c1cf59babe56004a,13212,jundiai,SP,Kenneth,Smith,senior,109574
4e2627090e6e5b9fabba883a37897683,31565,belo horizonte,MG,Tammy,Bailey,manager,53234
61b18775be84fb700a6b2d0ba097bf66,14808,araraquara,SP,Regina,Walsh,top management,65981
95cca791657aabeff15a07eb152d7841,85950,palotina,PR,Cassandra,Stafford,top management,113354
dde698c6d0bd24834c586e5111c2bba7,25755,petropolis,RJ,Erin,Houston,junior,117866
e94b64dc6979b302a5a5be1662c83bb6,6852,itapecerica da serra,SP,Jorge,Harrison,senior,109481
15ead3a5037a918ddb520dfe39a3d2b9,36401,conselheiro lafaiete,MG,Jose,Nelson,top management,66251
9d489893ff6af05029671b785f54b998,13613,leme,SP,Diana,Padilla,senior,95209
725af026f869236a8dd0ceb98564d156,35530,claudio,MG,Benjamin,Arias,top management,77232
f00f5b35d0abcacbdd863672f4bb2c1a,1238,sao paulo,SP,Gary,Mcpherson,junior,102990
7bac63f6603d382cc8d0832eb6c100a8,5713,sao paulo,SP,Frank,Torres,manager,59857
f1fdf2d13186575751aa25876536d85c,5314,sao paulo,SP,Michael,Richardson,top management,102919
98dddbc4601dd4443ca174359b237166,87111,sarandi,PR,John,Soto,top management,119122
f8201cab383e484733266d1906e2fdfa,88137,palhoca,SC,Lisa,Nguyen,manager,97541
74871d19219c7d518d0090283e03c137,4650,sao paulo,SP,Joseph,Richardson,junior,100690
e603cf3fec55f8697c9059638d6c8eb5,96080,pelotas,RS,Brian,Bowman,junior,111357
9e25199f6ef7e7c347120ff175652c3b,12051,taubate,SP,Sean,Lindsey,top management,98313
